subscription_id,customer_id,plan_id,start_date,end_date,subscription_status,billing_interval,seats,discount_pct,mrr_usd,contract_term_months,auto_renew
SUB-00001,CUS-00001,PLN-06,07-09-2021,,Active,Annual,53,0,1031.83,12,No
SUB-00002,CUS-00002,PLN-01,16-05-2023,01-08-2024,Upgraded,Monthly,5,0,73,1,Yes
SUB-00003,CUS-00002,PLN-03,01-08-2024,01-10-2024,Upgraded,Monthly,5,0,199,1,Yes
SUB-00004,CUS-00002,PLN-05,01-10-2024,,Active,Monthly,9,0,499,1,Yes
SUB-00005,CUS-00003,PLN-02,05-09-2022,,Active,Annual,5,0,64.83,12,Yes
SUB-00006,CUS-00004,PLN-01,12-10-2021,01-03-2025,Upgraded,Monthly,1,15,41.65,1,Yes
SUB-00007,CUS-00004,PLN-03,01-03-2025,,Active,Monthly,1,15,169.15,1,Yes
SUB-00008,CUS-00005,PLN-03,30-05-2021,29-02-2024,Churned,Monthly,10,0,199,1,Yes
SUB-00009,CUS-00005,PLN-03,04-09-2024,,Active,Monthly,10,0,199,1,Yes
SUB-00010,CUS-00006,PLN-01,11-11-2023,31-03-2024,Churned,Monthly,5,0,73,1,Yes
SUB-00011,CUS-00007,PLN-06,08-01-2023,,Active,Annual,31,10,493.05,12,Yes
SUB-00012,CUS-00008,PLN-01,08-03-2021,,Active,Monthly,2,0,49,1,Yes
SUB-00013,CUS-00009,PLN-03,02-04-2021,,Active,Monthly,14,0,271,1,Yes
SUB-00014,CUS-00010,PLN-01,11-02-2021,,Active,Monthly,4,0,61,1,Yes
SUB-00015,CUS-00011,PLN-03,22-07-2023,01-10-2025,Downgraded,Monthly,14,20,216.8,1,Yes
SUB-00016,CUS-00011,PLN-01,01-10-2025,31-10-2025,Churned,Monthly,13,20,135.2,1,Yes
SUB-00017,CUS-00012,PLN-01,24-10-2023,31-12-2024,Churned,Monthly,7,10,87.3,1,No
SUB-00018,CUS-00013,PLN-04,10-04-2022,01-06-2024,Downgraded,Annual,17,10,262.65,12,Yes
SUB-00019,CUS-00013,PLN-02,01-06-2024,,Active,Annual,37,10,403.95,12,Yes
SUB-00020,CUS-00014,PLN-06,23-10-2023,,Active,Annual,27,0,459.83,12,Yes
SUB-00021,CUS-00015,PLN-01,02-11-2022,31-03-2024,Churned,Monthly,3,0,49,1,Yes
SUB-00022,CUS-00016,PLN-09,15-11-2021,01-10-2025,Upgraded,Monthly,10,0,179,1,Yes
SUB-00023,CUS-00016,PLN-05,01-10-2025,,Active,Monthly,14,0,499,1,Yes
SUB-00024,CUS-00017,PLN-03,30-04-2023,01-06-2026,Upgraded,Monthly,11,0,217,1,Yes
SUB-00025,CUS-00017,PLN-05,01-06-2026,,Active,Monthly,12,0,499,1,Yes
SUB-00026,CUS-00018,PLN-10,12-02-2021,31-01-2026,Churned,Monthly,6,0,79,1,Yes
SUB-00027,CUS-00019,PLN-04,25-06-2022,,Active,Annual,20,5,328.54,12,Yes
SUB-00028,CUS-00020,PLN-02,19-11-2021,,Active,Annual,20,0,244.83,12,Yes
SUB-00029,CUS-00021,PLN-06,12-04-2021,,Active,Annual,42,15,671.36,12,Yes
SUB-00030,CUS-00022,PLN-03,15-01-2021,28-02-2026,Churned,Monthly,11,0,217,1,Yes
SUB-00031,CUS-00023,PLN-01,15-06-2022,30-06-2024,Churned,Monthly,2,0,49,1,Yes
SUB-00032,CUS-00024,PLN-03,30-05-2022,01-01-2025,Upgraded,Monthly,10,15,169.15,1,Yes
SUB-00033,CUS-00024,PLN-05,01-01-2025,,Active,Monthly,9,15,424.15,1,Yes
SUB-00034,CUS-00025,PLN-08,15-07-2022,,Active,Annual,157,0,2674.17,12,Yes
SUB-00035,CUS-00026,PLN-02,18-12-2022,30-09-2025,Churned,Annual,6,0,76.83,12,Yes
SUB-00036,CUS-00027,PLN-10,16-03-2023,,Active,Monthly,8,0,99,1,Yes
SUB-00037,CUS-00028,PLN-07,03-10-2022,,Active,Monthly,164,0,3099,1,Yes
SUB-00038,CUS-00029,PLN-09,18-07-2023,29-02-2024,Churned,Monthly,8,0,149,1,Yes
SUB-00039,CUS-00030,PLN-03,07-07-2021,,Active,Monthly,16,5,291.65,1,Yes
SUB-00040,CUS-00031,PLN-08,20-03-2023,,Active,Annual,244,0,4849.17,12,Yes
SUB-00041,CUS-00032,PLN-06,28-07-2023,30-09-2025,Churned,Annual,34,0,613.83,12,Yes
SUB-00042,CUS-00033,PLN-03,20-08-2022,31-05-2024,Churned,Monthly,20,0,379,1,No
SUB-00043,CUS-00034,PLN-05,06-09-2021,31-01-2024,Churned,Monthly,37,10,686.7,1,Yes
SUB-00044,CUS-00035,PLN-08,06-04-2023,,Active,Annual,314,5,6269.21,12,Yes
SUB-00045,CUS-00036,PLN-05,09-03-2022,,Active,Monthly,25,5,474.05,1,Yes
SUB-00046,CUS-00037,PLN-04,08-04-2021,,Active,Annual,9,5,157.54,12,Yes
SUB-00047,CUS-00038,PLN-09,07-09-2023,01-12-2024,Upgraded,Monthly,13,0,224,1,Yes
SUB-00048,CUS-00038,PLN-03,01-12-2024,01-02-2026,Downgraded,Monthly,13,0,253,1,Yes
SUB-00049,CUS-00038,PLN-01,01-02-2026,,Active,Monthly,9,0,121,1,Yes
SUB-00050,CUS-00039,PLN-10,27-12-2021,,Active,Monthly,4,0,59,1,Yes
SUB-00051,CUS-00040,PLN-01,15-01-2023,29-02-2024,Churned,Monthly,4,0,61,1,Yes
SUB-00052,CUS-00041,PLN-03,11-09-2022,31-03-2025,Churned,Monthly,10,0,199,1,Yes
SUB-00053,CUS-00042,PLN-03,30-03-2023,,Active,Monthly,33,0,613,1,Yes
SUB-00054,CUS-00043,PLN-04,10-11-2023,,Active,Annual,74,0,1317.83,12,Yes
SUB-00055,CUS-00044,PLN-02,10-03-2022,,Active,Annual,5,0,64.83,12,Yes
SUB-00056,CUS-00045,PLN-03,14-09-2023,31-03-2025,Churned,Monthly,17,10,292.5,1,No
SUB-00057,CUS-00046,PLN-03,08-05-2022,,Active,Monthly,15,15,245.65,1,Yes
SUB-00058,CUS-00047,PLN-04,20-07-2021,,Active,Annual,12,0,201.83,12,Yes
SUB-00059,CUS-00048,PLN-04,12-01-2022,30-04-2024,Churned,Annual,10,10,149.25,12,Yes
SUB-00060,CUS-00049,PLN-03,29-01-2021,31-10-2024,Churned,Monthly,17,0,325,1,Yes
SUB-00061,CUS-00050,PLN-01,07-10-2022,31-01-2025,Churned,Monthly,4,0,61,1,Yes
SUB-00062,CUS-00051,PLN-04,10-10-2021,,Active,Annual,48,0,849.83,12,No
SUB-00063,CUS-00052,PLN-03,04-11-2021,,Active,Monthly,15,0,289,1,Yes
SUB-00064,CUS-00053,PLN-06,28-02-2022,,Active,Annual,53,0,1031.83,12,No
SUB-00065,CUS-00054,PLN-04,14-08-2023,31-01-2024,Churned,Annual,11,0,183.83,12,Yes
SUB-00066,CUS-00055,PLN-03,30-11-2023,01-04-2026,Upgraded,Monthly,14,0,271,1,Yes
SUB-00067,CUS-00055,PLN-05,01-04-2026,,Active,Monthly,16,0,499,1,Yes
SUB-00068,CUS-00056,PLN-04,24-09-2021,,Active,Annual,26,0,453.83,12,Yes
SUB-00069,CUS-00057,PLN-03,30-03-2021,,Active,Monthly,12,0,235,1,Yes
SUB-00070,CUS-00058,PLN-03,01-06-2023,01-04-2024,Upgraded,Monthly,12,10,211.5,1,Yes
SUB-00071,CUS-00058,PLN-05,01-04-2024,,Active,Monthly,11,10,449.1,1,Yes
SUB-00072,CUS-00059,PLN-02,09-01-2023,,Active,Annual,2,0,40.83,12,Yes
SUB-00073,CUS-00060,PLN-01,18-06-2023,31-10-2024,Churned,Monthly,3,0,49,1,Yes
SUB-00074,CUS-00061,PLN-07,20-09-2021,31-12-2025,Churned,Monthly,158,0,2949,1,No
SUB-00075,CUS-00062,PLN-05,06-04-2023,01-08-2024,Upgraded,Monthly,41,10,765.9,1,Yes
SUB-00076,CUS-00062,PLN-07,01-08-2024,31-12-2024,Churned,Monthly,51,10,1349.1,1,Yes
SUB-00077,CUS-00063,PLN-01,17-08-2023,01-09-2024,Upgraded,Monthly,4,0,61,1,Yes
SUB-00078,CUS-00063,PLN-03,01-09-2024,31-12-2024,Churned,Monthly,5,0,199,1,Yes
SUB-00079,CUS-00064,PLN-03,18-04-2021,29-02-2024,Churned,Monthly,10,0,199,1,Yes
SUB-00080,CUS-00065,PLN-06,15-07-2023,,Active,Annual,32,15,484.36,12,Yes
SUB-00081,CUS-00066,PLN-06,22-12-2022,,Active,Annual,74,0,1493.83,12,Yes
SUB-00082,CUS-00067,PLN-03,14-07-2023,29-02-2024,Churned,Monthly,17,0,325,1,Yes
SUB-00083,CUS-00068,PLN-04,16-06-2022,,Active,Annual,27,0,471.83,12,Yes
SUB-00084,CUS-00069,PLN-03,27-11-2023,01-06-2025,Upgraded,Monthly,20,0,379,1,Yes
SUB-00085,CUS-00069,PLN-05,01-06-2025,30-06-2025,Churned,Monthly,22,0,499,1,Yes
SUB-00086,CUS-00070,PLN-08,31-08-2023,01-05-2026,Downgraded,Annual,155,0,2624.17,12,Yes
SUB-00087,CUS-00070,PLN-06,01-05-2026,,Active,Annual,210,0,4485.83,12,Yes
SUB-00088,CUS-00071,PLN-09,07-02-2023,,Active,Monthly,7,10,134.1,1,Yes
SUB-00089,CUS-00072,PLN-06,03-10-2022,,Active,Annual,69,0,1383.83,12,Yes
SUB-00090,CUS-00073,PLN-01,04-10-2023,31-05-2026,Churned,Monthly,6,0,85,1,Yes
SUB-00091,CUS-00074,PLN-03,09-05-2021,31-01-2024,Churned,Monthly,10,0,199,1,Yes
SUB-00092,CUS-00075,PLN-08,08-04-2022,,Active,Annual,106,10,1259.25,12,Yes
SUB-00093,CUS-00076,PLN-10,15-09-2023,30-04-2024,Churned,Monthly,4,0,59,1,No
SUB-00094,CUS-00077,PLN-05,19-08-2021,,Active,Monthly,41,5,808.45,1,Yes
SUB-00095,CUS-00078,PLN-06,21-06-2023,30-09-2025,Churned,Annual,52,0,1009.83,12,Yes
SUB-00096,CUS-00079,PLN-03,09-08-2023,31-03-2024,Churned,Monthly,11,0,217,1,Yes
SUB-00097,CUS-00080,PLN-03,26-01-2023,31-08-2024,Churned,Monthly,13,5,240.35,1,Yes
SUB-00098,CUS-00081,PLN-04,05-01-2021,,Active,Annual,12,0,201.83,12,Yes
SUB-00099,CUS-00082,PLN-04,24-12-2021,,Active,Annual,20,0,345.83,12,No
SUB-00100,CUS-00083,PLN-10,17-05-2023,,Active,Monthly,7,0,89,1,Yes
SUB-00101,CUS-00084,PLN-01,16-08-2023,,Active,Monthly,4,0,61,1,Yes
SUB-00102,CUS-00085,PLN-05,11-03-2022,30-09-2024,Churned,Monthly,44,15,779.45,1,No
SUB-00103,CUS-00086,PLN-05,25-01-2023,01-05-2024,Upgraded,Monthly,31,5,599.45,1,Yes
SUB-00104,CUS-00086,PLN-07,01-05-2024,,Active,Monthly,66,5,1424.05,1,Yes
SUB-00105,CUS-00087,PLN-06,30-06-2022,,Active,Annual,49,0,943.83,12,Yes
SUB-00106,CUS-00088,PLN-08,06-09-2022,,Active,Annual,207,0,3924.17,12,Yes
SUB-00107,CUS-00089,PLN-01,14-01-2022,29-02-2024,Churned,Monthly,3,15,41.65,1,Yes
SUB-00108,CUS-00090,PLN-04,12-11-2021,,Active,Annual,14,0,237.83,12,Yes
SUB-00109,CUS-00091,PLN-03,24-04-2022,,Active,Monthly,14,0,271,1,No
SUB-00110,CUS-00092,PLN-04,15-10-2023,,Active,Annual,26,0,453.83,12,No
SUB-00111,CUS-00093,PLN-03,14-04-2021,01-02-2025,Downgraded,Monthly,13,0,253,1,Yes
SUB-00112,CUS-00093,PLN-01,01-02-2025,,Active,Monthly,12,0,157,1,Yes
SUB-00113,CUS-00094,PLN-04,03-10-2022,,Active,Annual,16,0,273.83,12,Yes
SUB-00114,CUS-00095,PLN-06,21-04-2021,01-05-2025,Upgraded,Annual,31,20,438.26,12,Yes
SUB-00115,CUS-00095,PLN-08,01-05-2025,,Active,Annual,35,20,999.34,12,Yes
SUB-00116,CUS-00096,PLN-06,24-07-2022,,Active,Annual,68,0,1361.83,12,Yes
SUB-00117,CUS-00097,PLN-03,26-12-2023,01-04-2025,Downgraded,Monthly,16,0,307,1,Yes
SUB-00118,CUS-00097,PLN-01,01-04-2025,,Active,Monthly,13,0,169,1,Yes
SUB-00119,CUS-00098,PLN-03,09-08-2021,,Active,Monthly,11,0,217,1,Yes
SUB-00120,CUS-00099,PLN-03,14-09-2022,31-07-2025,Churned,Monthly,10,0,199,1,Yes
SUB-00121,CUS-00100,PLN-01,20-08-2022,,Active,Monthly,7,0,97,1,Yes
SUB-00122,CUS-00101,PLN-05,19-11-2023,31-01-2025,Churned,Monthly,35,5,683.05,1,Yes
SUB-00123,CUS-00102,PLN-05,16-03-2022,,Active,Monthly,64,0,1357,1,Yes
SUB-00124,CUS-00103,PLN-03,14-10-2021,01-02-2024,Upgraded,Monthly,10,0,199,1,Yes
SUB-00125,CUS-00103,PLN-05,01-02-2024,30-11-2025,Churned,Monthly,10,0,499,1,Yes
SUB-00126,CUS-00104,PLN-03,17-08-2022,01-03-2024,Downgraded,Monthly,10,5,189.05,1,Yes
SUB-00127,CUS-00104,PLN-01,01-03-2024,01-02-2025,Upgraded,Monthly,9,5,114.95,1,Yes
SUB-00128,CUS-00104,PLN-03,01-02-2025,31-05-2025,Churned,Monthly,10,5,189.05,1,Yes
SUB-00129,CUS-00105,PLN-03,10-02-2023,29-02-2024,Churned,Monthly,11,0,217,1,Yes
SUB-00130,CUS-00106,PLN-06,19-10-2022,30-04-2024,Churned,Annual,28,0,481.83,12,Yes
SUB-00131,CUS-00107,PLN-06,09-09-2021,,Active,Annual,38,15,596.56,12,Yes
SUB-00132,CUS-00108,PLN-03,12-09-2023,31-01-2024,Churned,Monthly,10,5,189.05,1,No
SUB-00133,CUS-00109,PLN-01,22-05-2023,,Active,Monthly,5,0,73,1,Yes
SUB-00134,CUS-00110,PLN-01,24-10-2023,31-08-2024,Churned,Monthly,4,0,61,1,Yes
SUB-00135,CUS-00111,PLN-05,01-10-2021,01-11-2025,Downgraded,Monthly,40,0,829,1,Yes
SUB-00136,CUS-00111,PLN-03,01-11-2025,,Active,Monthly,36,0,667,1,Yes
SUB-00137,CUS-00112,PLN-03,02-03-2023,30-09-2025,Churned,Monthly,8,0,199,1,Yes
SUB-00138,CUS-00113,PLN-03,16-02-2022,,Active,Monthly,16,15,260.95,1,Yes
SUB-00139,CUS-00114,PLN-05,06-08-2021,,Active,Monthly,45,5,892.05,1,Yes
SUB-00140,CUS-00115,PLN-01,10-08-2023,01-08-2025,Upgraded,Monthly,5,20,58.4,1,Yes
SUB-00141,CUS-00115,PLN-03,01-08-2025,,Active,Monthly,5,20,159.2,1,Yes
SUB-00142,CUS-00116,PLN-03,21-07-2021,31-07-2024,Churned,Monthly,12,0,235,1,Yes
SUB-00144,CUS-00117,PLN-03,01-01-2024,30-11-2024,Churned,Monthly,7,0,199,1,Yes
SUB-00145,CUS-00117,PLN-01,27-07-2025,,Active,Monthly,4,0,61,1,Yes
SUB-00146,CUS-00118,PLN-03,27-02-2022,01-07-2024,Upgraded,Monthly,8,0,199,1,Yes
SUB-00147,CUS-00118,PLN-05,01-07-2024,,Active,Monthly,17,0,499,1,Yes
SUB-00148,CUS-00119,PLN-03,18-10-2023,01-06-2026,Upgraded,Monthly,22,10,373.5,1,Yes
SUB-00149,CUS-00119,PLN-05,01-06-2026,,Active,Monthly,27,10,488.7,1,Yes
SUB-00150,CUS-00120,PLN-01,24-10-2023,31-08-2024,Churned,Monthly,2,0,49,1,Yes
SUB-00151,CUS-00121,PLN-06,30-01-2022,,Active,Annual,77,0,1559.83,12,No
SUB-00152,CUS-00122,PLN-10,27-08-2023,30-09-2024,Churned,Monthly,4,10,53.1,1,Yes
SUB-00153,CUS-00122,PLN-03,14-01-2025,,Active,Monthly,10,15,169.15,1,Yes
SUB-00154,CUS-00123,PLN-06,09-06-2023,,Active,Annual,34,0,613.83,12,Yes
SUB-00155,CUS-00124,PLN-03,11-03-2023,31-01-2025,Churned,Monthly,10,10,179.1,1,Yes
SUB-00156,CUS-00125,PLN-01,30-07-2021,30-04-2024,Churned,Monthly,5,0,73,1,Yes
SUB-00157,CUS-00126,PLN-03,17-11-2023,,Active,Monthly,10,20,159.2,1,Yes
SUB-00158,CUS-00127,PLN-02,23-03-2021,28-02-2025,Churned,Annual,4,5,50.19,12,Yes
SUB-00159,CUS-00128,PLN-04,31-03-2023,,Active,Annual,11,0,183.83,12,Yes
SUB-00160,CUS-00129,PLN-06,20-12-2021,31-05-2026,Churned,Annual,80,5,1544.54,12,No
SUB-00161,CUS-00130,PLN-03,06-11-2022,,Active,Monthly,11,0,217,1,Yes
SUB-00162,CUS-00131,PLN-01,03-10-2022,30-04-2025,Churned,Monthly,5,0,73,1,Yes
SUB-00163,CUS-00132,PLN-01,09-01-2022,30-04-2025,Churned,Monthly,4,5,57.95,1,Yes
SUB-00164,CUS-00133,PLN-02,27-07-2023,31-03-2025,Churned,Annual,4,0,52.83,12,Yes
SUB-00165,CUS-00134,PLN-03,24-11-2022,31-03-2024,Churned,Monthly,16,0,307,1,Yes
SUB-00166,CUS-00135,PLN-01,20-06-2022,31-12-2024,Churned,Monthly,3,0,49,1,Yes
SUB-00167,CUS-00136,PLN-05,30-07-2023,01-08-2024,Upgraded,Monthly,35,0,719,1,Yes
SUB-00168,CUS-00136,PLN-07,01-08-2024,,Active,Monthly,41,0,1499,1,Yes
SUB-00170,CUS-00137,PLN-01,01-01-2024,30-04-2024,Churned,Monthly,6,0,85,1,Yes
SUB-00171,CUS-00138,PLN-02,02-10-2022,,Active,Annual,7,0,88.83,12,Yes
SUB-00172,CUS-00139,PLN-03,27-04-2023,30-11-2025,Churned,Monthly,8,10,179.1,1,Yes
SUB-00173,CUS-00140,PLN-06,18-08-2022,,Active,Annual,51,0,987.83,12,Yes
SUB-00174,CUS-00141,PLN-04,13-12-2022,,Active,Annual,16,0,273.83,12,Yes
SUB-00175,CUS-00142,PLN-03,13-05-2023,01-08-2024,Upgraded,Monthly,15,0,289,1,Yes
SUB-00176,CUS-00142,PLN-05,01-08-2024,01-06-2026,Upgraded,Monthly,15,0,499,1,Yes
SUB-00177,CUS-00142,PLN-07,01-06-2026,,Active,Monthly,17,0,1499,1,Yes
SUB-00178,CUS-00143,PLN-06,12-08-2023,,Active,Annual,25,0,415.83,12,Yes
SUB-00179,CUS-00144,PLN-01,16-12-2023,31-08-2024,Churned,Monthly,5,0,73,1,Yes
SUB-00180,CUS-00145,PLN-06,28-08-2021,,Active,Annual,42,0,789.83,12,Yes
SUB-00181,CUS-00146,PLN-05,01-01-2023,,Active,Monthly,32,0,653,1,No
SUB-00182,CUS-00147,PLN-02,26-02-2023,,Active,Annual,9,0,112.83,12,No
SUB-00183,CUS-00148,PLN-02,25-10-2023,31-05-2024,Churned,Annual,4,0,52.83,12,Yes
SUB-00184,CUS-00149,PLN-01,09-09-2021,01-09-2024,Upgraded,Monthly,5,15,62.05,1,Yes
SUB-00185,CUS-00149,PLN-03,01-09-2024,01-04-2025,Upgraded,Monthly,6,15,169.15,1,Yes
SUB-00186,CUS-00149,PLN-05,01-04-2025,31-12-2025,Churned,Monthly,7,15,424.15,1,Yes
SUB-00187,CUS-00150,PLN-01,18-02-2023,31-07-2024,Churned,Monthly,4,5,57.95,1,Yes
SUB-00188,CUS-00151,PLN-01,19-12-2023,31-08-2024,Churned,Monthly,2,15,41.65,1,Yes
SUB-00189,CUS-00152,PLN-01,16-04-2023,31-05-2024,Churned,Monthly,3,0,49,1,Yes
SUB-00190,CUS-00153,PLN-10,12-01-2022,,Active,Monthly,6,0,79,1,Yes
SUB-00191,CUS-00154,PLN-03,04-01-2022,01-05-2025,Upgraded,Monthly,10,0,199,1,Yes
SUB-00192,CUS-00154,PLN-05,01-05-2025,01-09-2025,Upgraded,Monthly,12,0,499,1,Yes
SUB-00193,CUS-00154,PLN-07,01-09-2025,,Active,Monthly,18,0,1499,1,Yes
SUB-00194,CUS-00155,PLN-03,15-08-2023,30-06-2024,Churned,Monthly,10,0,199,1,Yes
SUB-00195,CUS-00156,PLN-03,19-08-2022,01-07-2024,Downgraded,Monthly,10,0,199,1,Yes
SUB-00196,CUS-00156,PLN-01,01-07-2024,,Active,Monthly,15,0,193,1,Yes
SUB-00197,CUS-00157,PLN-01,05-04-2021,31-03-2026,Churned,Monthly,3,0,49,1,Yes
SUB-00198,CUS-00158,PLN-05,30-12-2022,01-02-2025,Upgraded,Monthly,32,0,653,1,Yes
SUB-00199,CUS-00158,PLN-07,01-02-2025,,Active,Monthly,43,0,1499,1,Yes
SUB-00200,CUS-00159,PLN-01,17-11-2022,30-06-2024,Churned,Monthly,5,0,73,1,Yes
SUB-00201,CUS-00160,PLN-02,23-05-2023,,Active,Annual,7,5,84.39,12,Yes
SUB-00202,CUS-00161,PLN-06,28-02-2021,,Active,Annual,25,0,415.83,12,Yes
SUB-00203,CUS-00162,PLN-01,31-01-2023,,Active,Monthly,4,0,61,1,Yes
SUB-00204,CUS-00163,PLN-01,24-03-2021,28-02-2025,Churned,Monthly,3,20,39.2,1,Yes
SUB-00205,CUS-00164,PLN-03,06-10-2023,,Active,Monthly,11,20,173.6,1,Yes
SUB-00206,CUS-00165,PLN-08,24-03-2022,,Active,Annual,344,0,7349.17,12,Yes
SUB-00207,CUS-00166,PLN-04,18-04-2021,,Active,Annual,46,0,813.83,12,Yes
SUB-00208,CUS-00167,PLN-02,07-11-2021,,Active,Annual,4,0,52.83,12,No
SUB-00209,CUS-00168,PLN-05,27-09-2021,30-09-2024,Churned,Monthly,38,0,785,1,No
SUB-00210,CUS-00169,PLN-04,02-12-2022,,Active,Annual,21,0,363.83,12,Yes
SUB-00211,CUS-00170,PLN-09,12-12-2022,,Active,Monthly,12,0,209,1,Yes
SUB-00212,CUS-00171,PLN-06,14-12-2021,01-10-2024,Downgraded,Annual,25,15,353.46,12,Yes
SUB-00213,CUS-00171,PLN-04,01-10-2024,,Active,Annual,55,15,829.46,12,Yes
SUB-00214,CUS-00172,PLN-03,22-04-2023,01-09-2025,Downgraded,Monthly,11,0,217,1,Yes
SUB-00215,CUS-00172,PLN-01,01-09-2025,,Active,Monthly,14,0,181,1,Yes
SUB-00216,CUS-00173,PLN-10,16-08-2021,,Active,Monthly,4,5,56.05,1,Yes
SUB-00217,CUS-00174,PLN-05,18-02-2023,31-03-2024,Churned,Monthly,30,0,609,1,Yes
SUB-00218,CUS-00175,PLN-03,25-08-2021,01-02-2026,Upgraded,Monthly,7,0,199,1,Yes
SUB-00219,CUS-00175,PLN-05,01-02-2026,,Active,Monthly,7,0,499,1,Yes
SUB-00220,CUS-00176,PLN-03,02-05-2021,,Active,Monthly,14,0,271,1,Yes
SUB-00221,CUS-00177,PLN-06,19-06-2022,,Active,Annual,50,0,965.83,12,Yes
SUB-00222,CUS-00178,PLN-03,20-04-2023,28-02-2026,Churned,Monthly,14,0,271,1,Yes
SUB-00223,CUS-00179,PLN-06,13-09-2023,29-02-2024,Churned,Annual,41,0,767.83,12,Yes
SUB-00224,CUS-00179,PLN-06,26-06-2024,,Active,Annual,56,0,1097.83,12,Yes
SUB-00225,CUS-00180,PLN-01,07-07-2022,28-02-2025,Churned,Monthly,2,0,49,1,Yes
SUB-00226,CUS-00181,PLN-01,14-10-2021,31-08-2025,Churned,Monthly,3,0,49,1,Yes
SUB-00227,CUS-00182,PLN-03,29-11-2021,31-01-2025,Churned,Monthly,12,5,223.25,1,Yes
SUB-00228,CUS-00183,PLN-03,27-02-2023,01-04-2024,Downgraded,Monthly,13,0,253,1,Yes
SUB-00229,CUS-00183,PLN-01,01-04-2024,31-03-2026,Churned,Monthly,18,0,229,1,Yes
SUB-00230,CUS-00184,PLN-06,16-02-2022,,Active,Annual,42,0,789.83,12,Yes
SUB-00231,CUS-00185,PLN-10,12-01-2021,,Active,Monthly,1,5,37.05,1,Yes
SUB-00232,CUS-00186,PLN-03,18-03-2023,,Active,Monthly,7,0,199,1,No
SUB-00233,CUS-00187,PLN-06,21-09-2021,01-09-2024,Downgraded,Annual,25,15,353.46,12,Yes
SUB-00234,CUS-00187,PLN-04,01-09-2024,,Active,Annual,14,15,202.16,12,Yes
SUB-00235,CUS-00188,PLN-04,08-12-2023,,Active,Annual,34,15,508.16,12,Yes
SUB-00236,CUS-00189,PLN-01,25-12-2022,31-01-2024,Churned,Monthly,4,0,61,1,Yes
SUB-00237,CUS-00190,PLN-06,25-11-2022,,Active,Annual,31,10,493.05,12,Yes
SUB-00238,CUS-00191,PLN-01,23-03-2022,31-12-2025,Churned,Monthly,2,0,49,1,Yes
SUB-00239,CUS-00192,PLN-01,10-08-2022,29-02-2024,Churned,Monthly,5,0,73,1,Yes
SUB-00240,CUS-00193,PLN-08,22-01-2021,,Active,Annual,200,0,3749.17,12,Yes
SUB-00241,CUS-00194,PLN-03,26-03-2021,31-03-2024,Churned,Monthly,10,0,199,1,Yes
SUB-00242,CUS-00195,PLN-03,02-09-2023,31-03-2024,Churned,Monthly,11,0,217,1,Yes
SUB-00243,CUS-00196,PLN-04,04-04-2021,,Active,Annual,11,5,174.64,12,Yes
SUB-00244,CUS-00197,PLN-10,11-06-2021,30-04-2025,Churned,Monthly,1,0,39,1,No
SUB-00245,CUS-00198,PLN-06,10-10-2022,,Active,Annual,32,5,541.34,12,Yes
SUB-00246,CUS-00199,PLN-04,26-04-2022,31-03-2025,Churned,Annual,19,0,327.83,12,Yes
SUB-00247,CUS-00200,PLN-01,05-12-2021,29-02-2024,Churned,Monthly,2,0,49,1,Yes
SUB-00248,CUS-00200,PLN-01,14-08-2024,31-12-2024,Churned,Monthly,2,0,49,1,Yes
SUB-00249,CUS-00201,PLN-01,15-12-2023,31-01-2024,Churned,Monthly,3,0,49,1,Yes
SUB-00250,CUS-00202,PLN-08,21-10-2021,,Active,Annual,100,0,1249.17,12,Yes
SUB-00251,CUS-00203,PLN-01,04-04-2021,01-05-2024,Upgraded,Monthly,5,0,73,1,No
SUB-00252,CUS-00203,PLN-03,01-05-2024,,Active,Monthly,9,0,199,1,No
SUB-00253,CUS-00204,PLN-03,02-04-2023,31-01-2024,Churned,Monthly,10,0,199,1,No
SUB-00254,CUS-00205,PLN-03,27-03-2021,01-08-2024,Downgraded,Monthly,10,10,179.1,1,No
SUB-00255,CUS-00205,PLN-01,01-08-2024,,Active,Monthly,13,10,152.1,1,No
SUB-00256,CUS-00206,PLN-03,03-02-2021,01-02-2024,Downgraded,Monthly,12,10,211.5,1,Yes
SUB-00257,CUS-00206,PLN-01,01-02-2024,31-05-2025,Churned,Monthly,11,10,130.5,1,Yes
SUB-00258,CUS-00207,PLN-09,22-09-2021,30-04-2024,Churned,Monthly,8,5,141.55,1,Yes
SUB-00259,CUS-00208,PLN-01,03-10-2023,01-08-2024,Upgraded,Monthly,5,0,73,1,Yes
SUB-00260,CUS-00208,PLN-03,01-08-2024,31-10-2024,Churned,Monthly,6,0,199,1,Yes
SUB-00261,CUS-00209,PLN-04,03-05-2021,,Active,Annual,21,0,363.83,12,Yes
SUB-00262,CUS-00210,PLN-02,26-12-2023,01-12-2025,Upgraded,Annual,3,0,40.83,12,Yes
SUB-00263,CUS-00210,PLN-04,01-12-2025,,Active,Annual,6,0,165.83,12,Yes
SUB-00264,CUS-00211,PLN-03,15-07-2023,30-06-2024,Churned,Monthly,10,0,199,1,Yes
SUB-00265,CUS-00212,PLN-10,22-10-2022,01-07-2025,Downgraded,Monthly,6,0,79,1,Yes
SUB-00266,CUS-00212,PLN-01,01-07-2025,,Active,Monthly,5,0,73,1,Yes
SUB-00267,CUS-00213,PLN-03,24-01-2022,01-01-2026,Upgraded,Monthly,9,0,199,1,Yes
SUB-00268,CUS-00213,PLN-05,01-01-2026,,Active,Monthly,9,0,499,1,Yes
SUB-00269,CUS-00214,PLN-04,04-12-2022,,Active,Annual,13,0,219.83,12,Yes
SUB-00270,CUS-00215,PLN-06,03-08-2021,,Active,Annual,29,0,503.83,12,Yes
SUB-00271,CUS-00216,PLN-04,03-03-2023,,Active,Annual,13,0,219.83,12,Yes
SUB-00272,CUS-00217,PLN-09,24-10-2023,,Active,Monthly,16,15,228.65,1,Yes
SUB-00273,CUS-00218,PLN-05,07-08-2021,01-05-2026,Upgraded,Monthly,40,0,829,1,Yes
SUB-00274,CUS-00218,PLN-07,01-05-2026,,Active,Monthly,52,0,1499,1,Yes
SUB-00275,CUS-00219,PLN-01,30-10-2022,,Active,Monthly,12,0,157,1,Yes
SUB-00276,CUS-00220,PLN-07,23-02-2022,31-08-2025,Churned,Monthly,85,0,1499,1,No
SUB-00277,CUS-00221,PLN-01,24-11-2023,31-10-2024,Churned,Monthly,3,0,49,1,Yes
SUB-00278,CUS-00222,PLN-05,03-08-2023,,Active,Monthly,38,0,785,1,Yes
SUB-00279,CUS-00223,PLN-04,24-01-2021,,Active,Annual,23,0,399.83,12,Yes
SUB-00280,CUS-00224,PLN-01,28-07-2023,31-12-2025,Churned,Monthly,4,0,61,1,Yes
SUB-00281,CUS-00225,PLN-04,29-08-2023,,Active,Annual,10,0,165.83,12,Yes
SUB-00282,CUS-00226,PLN-06,27-11-2021,,Active,Annual,30,0,525.83,12,Yes
SUB-00283,CUS-00227,PLN-04,15-09-2023,,Active,Annual,13,0,219.83,12,Yes
SUB-00284,CUS-00228,PLN-03,17-08-2021,30-06-2024,Churned,Monthly,10,0,199,1,No
SUB-00285,CUS-00229,PLN-01,20-05-2021,,Active,Monthly,7,10,87.3,1,Yes
SUB-00286,CUS-00230,PLN-04,24-11-2021,,Active,Annual,23,0,399.83,12,Yes
SUB-00287,CUS-00231,PLN-09,24-06-2022,,Active,Monthly,24,0,389,1,Yes
SUB-00288,CUS-00232,PLN-02,20-12-2023,,Active,Annual,11,0,136.83,12,Yes
SUB-00289,CUS-00233,PLN-09,14-08-2023,28-02-2025,Churned,Monthly,7,0,149,1,Yes
SUB-00290,CUS-00233,PLN-01,06-05-2025,31-05-2025,Churned,Monthly,3,0,49,1,Yes
SUB-00291,CUS-00234,PLN-09,30-10-2022,01-04-2025,Upgraded,Monthly,8,10,134.1,1,Yes
SUB-00292,CUS-00234,PLN-05,01-04-2025,,Active,Monthly,12,10,449.1,1,Yes
SUB-00293,CUS-00235,PLN-01,24-11-2021,31-10-2024,Churned,Monthly,4,0,61,1,Yes
SUB-00294,CUS-00236,PLN-04,31-10-2021,,Active,Annual,33,0,579.83,12,Yes
SUB-00295,CUS-00237,PLN-03,14-02-2023,31-01-2024,Churned,Monthly,10,0,199,1,Yes
SUB-00296,CUS-00238,PLN-03,29-04-2022,01-08-2024,Upgraded,Monthly,10,0,199,1,No
SUB-00297,CUS-00238,PLN-05,01-08-2024,,Active,Monthly,8,0,499,1,No
SUB-00298,CUS-00239,PLN-01,21-11-2022,30-04-2024,Churned,Monthly,3,0,49,1,Yes
SUB-00299,CUS-00239,PLN-01,25-01-2025,01-01-2026,Upgraded,Monthly,2,0,49,1,Yes
SUB-00300,CUS-00239,PLN-03,01-01-2026,31-03-2026,Churned,Monthly,4,0,199,1,Yes
SUB-00301,CUS-00240,PLN-01,31-01-2022,31-07-2024,Churned,Monthly,3,0,49,1,Yes
SUB-00302,CUS-00240,PLN-01,07-11-2024,30-11-2025,Churned,Monthly,2,0,49,1,Yes
SUB-00303,CUS-00241,PLN-01,10-04-2023,01-03-2025,Upgraded,Monthly,4,10,54.9,1,Yes
SUB-00304,CUS-00241,PLN-03,01-03-2025,,Active,Monthly,7,10,179.1,1,Yes
SUB-00305,CUS-00242,PLN-04,28-12-2021,,Active,Annual,30,15,446.96,12,Yes
SUB-00306,CUS-00243,PLN-01,16-01-2021,31-05-2025,Churned,Monthly,7,10,87.3,1,Yes
SUB-00307,CUS-00244,PLN-04,23-03-2023,31-05-2024,Churned,Annual,11,10,165.45,12,Yes
SUB-00308,CUS-00245,PLN-01,27-01-2022,30-04-2024,Churned,Monthly,3,0,49,1,Yes
SUB-00309,CUS-00246,PLN-10,28-11-2023,,Active,Monthly,10,10,107.1,1,No
SUB-00310,CUS-00247,PLN-06,12-07-2021,,Active,Annual,37,0,679.83,12,Yes
SUB-00311,CUS-00248,PLN-02,11-05-2021,,Active,Annual,9,0,112.83,12,Yes
SUB-00312,CUS-00249,PLN-04,11-05-2021,,Active,Annual,30,5,499.54,12,Yes
SUB-00313,CUS-00250,PLN-04,27-08-2023,,Active,Annual,30,0,525.83,12,Yes
SUB-00314,CUS-00251,PLN-06,11-10-2021,,Active,Annual,78,5,1502.74,12,Yes
SUB-00315,CUS-00252,PLN-06,10-10-2023,31-07-2024,Churned,Annual,25,10,374.25,12,Yes
SUB-00316,CUS-00253,PLN-05,02-03-2022,01-03-2025,Downgraded,Monthly,37,0,763,1,No
SUB-00317,CUS-00253,PLN-03,01-03-2025,30-04-2025,Churned,Monthly,27,0,505,1,No
SUB-00318,CUS-00254,PLN-04,12-09-2022,,Active,Annual,14,0,237.83,12,Yes
SUB-00319,CUS-00255,PLN-03,28-05-2021,,Active,Monthly,9,0,199,1,Yes
SUB-00320,CUS-00256,PLN-04,05-01-2021,,Active,Annual,10,0,165.83,12,Yes
SUB-00321,CUS-00257,PLN-01,14-01-2022,,Active,Monthly,5,0,73,1,Yes
SUB-00322,CUS-00258,PLN-06,13-06-2021,,Active,Annual,58,0,1141.83,12,Yes
SUB-00323,CUS-00259,PLN-03,22-05-2021,01-05-2026,Upgraded,Monthly,12,0,235,1,Yes
SUB-00324,CUS-00259,PLN-05,01-05-2026,,Active,Monthly,12,0,499,1,Yes
SUB-00325,CUS-00260,PLN-09,02-03-2023,,Active,Monthly,9,5,155.8,1,Yes
SUB-00326,CUS-00261,PLN-01,11-10-2022,31-08-2024,Churned,Monthly,4,0,61,1,Yes
SUB-00327,CUS-00262,PLN-01,17-07-2023,30-06-2025,Churned,Monthly,6,0,85,1,No
SUB-00328,CUS-00263,PLN-08,16-03-2021,,Active,Annual,183,5,3157.96,12,Yes
SUB-00329,CUS-00264,PLN-06,07-02-2021,,Active,Annual,25,0,415.83,12,Yes
SUB-00330,CUS-00265,PLN-03,22-09-2023,31-10-2024,Churned,Monthly,16,0,307,1,Yes
SUB-00331,CUS-00265,PLN-03,27-03-2025,,Active,Monthly,10,10,179.1,1,Yes
SUB-00332,CUS-00266,PLN-03,31-05-2023,30-06-2025,Churned,Monthly,17,5,308.75,1,Yes
SUB-00334,CUS-00267,PLN-05,01-01-2024,,Active,Monthly,11,0,499,1,Yes
SUB-00335,CUS-00268,PLN-03,11-02-2022,29-02-2024,Churned,Monthly,10,0,199,1,Yes
SUB-00336,CUS-00269,PLN-04,07-08-2023,,Active,Annual,23,5,379.84,12,Yes
SUB-00338,CUS-00270,PLN-05,01-01-2024,01-05-2024,Upgraded,Monthly,14,0,499,1,Yes
SUB-00339,CUS-00270,PLN-07,01-05-2024,,Active,Monthly,18,0,1499,1,Yes
SUB-00340,CUS-00271,PLN-04,04-03-2022,,Active,Annual,16,0,273.83,12,Yes
SUB-00341,CUS-00272,PLN-01,26-05-2022,01-04-2024,Upgraded,Monthly,4,0,61,1,Yes
SUB-00342,CUS-00272,PLN-03,01-04-2024,31-12-2025,Churned,Monthly,5,0,199,1,Yes
SUB-00343,CUS-00273,PLN-09,06-02-2023,,Active,Monthly,12,0,209,1,Yes
SUB-00344,CUS-00274,PLN-03,07-01-2022,,Active,Monthly,18,0,343,1,Yes
SUB-00345,CUS-00275,PLN-02,24-01-2022,,Active,Annual,2,0,40.83,12,Yes
SUB-00346,CUS-00276,PLN-08,20-02-2023,,Active,Annual,273,0,5574.17,12,Yes
SUB-00347,CUS-00277,PLN-03,27-09-2022,01-11-2024,Upgraded,Monthly,10,5,189.05,1,Yes
SUB-00348,CUS-00277,PLN-05,01-11-2024,,Active,Monthly,15,5,474.05,1,Yes
SUB-00349,CUS-00278,PLN-05,29-11-2023,01-06-2024,Downgraded,Monthly,40,15,704.65,1,Yes
SUB-00350,CUS-00278,PLN-03,01-06-2024,01-07-2025,Downgraded,Monthly,28,15,444.55,1,Yes
SUB-00351,CUS-00278,PLN-01,01-07-2025,,Active,Monthly,24,15,255.85,1,Yes
SUB-00352,CUS-00279,PLN-01,05-06-2023,31-07-2024,Churned,Monthly,5,20,58.4,1,Yes
SUB-00353,CUS-00280,PLN-04,13-01-2023,,Active,Annual,18,0,309.83,12,Yes
SUB-00354,CUS-00281,PLN-01,05-04-2022,01-01-2026,Upgraded,Monthly,6,10,76.5,1,Yes
SUB-00355,CUS-00281,PLN-03,01-01-2026,,Active,Monthly,9,10,179.1,1,Yes
SUB-00356,CUS-00282,PLN-06,24-09-2022,,Active,Annual,48,20,737.46,12,Yes
SUB-00357,CUS-00283,PLN-03,18-12-2023,01-03-2024,Downgraded,Monthly,10,5,189.05,1,Yes
SUB-00358,CUS-00283,PLN-01,01-03-2024,,Active,Monthly,8,5,103.55,1,Yes
SUB-00359,CUS-00284,PLN-04,03-07-2021,31-01-2025,Churned,Annual,16,0,273.83,12,Yes
SUB-00360,CUS-00285,PLN-06,16-02-2022,,Active,Annual,46,0,877.83,12,Yes
SUB-00361,CUS-00286,PLN-04,06-12-2023,,Active,Annual,25,0,435.83,12,Yes
SUB-00362,CUS-00287,PLN-08,17-07-2023,,Active,Annual,204,5,3656.71,12,Yes
SUB-00363,CUS-00288,PLN-01,23-11-2021,30-11-2024,Churned,Monthly,5,5,69.35,1,Yes
SUB-00364,CUS-00289,PLN-03,23-02-2023,01-12-2025,Upgraded,Monthly,16,0,307,1,Yes
SUB-00365,CUS-00289,PLN-05,01-12-2025,,Active,Monthly,18,0,499,1,Yes
SUB-00366,CUS-00290,PLN-05,09-06-2021,01-08-2025,Upgraded,Monthly,37,0,763,1,Yes
SUB-00367,CUS-00290,PLN-07,01-08-2025,,Active,Monthly,56,0,1499,1,Yes
SUB-00368,CUS-00291,PLN-04,25-06-2022,,Active,Annual,44,0,777.83,12,Yes
SUB-00369,CUS-00292,PLN-01,09-01-2022,31-07-2025,Churned,Monthly,6,10,76.5,1,Yes
SUB-00370,CUS-00293,PLN-01,09-07-2021,01-02-2025,Upgraded,Monthly,3,0,49,1,Yes
SUB-00371,CUS-00293,PLN-03,01-02-2025,,Active,Monthly,3,0,199,1,Yes
SUB-00372,CUS-00294,PLN-04,29-01-2023,,Active,Annual,21,5,345.64,12,Yes
SUB-00373,CUS-00295,PLN-03,02-08-2023,,Active,Monthly,14,0,271,1,Yes
SUB-00374,CUS-00296,PLN-01,12-09-2021,31-05-2024,Churned,Monthly,5,20,58.4,1,Yes
SUB-00375,CUS-00297,PLN-03,19-12-2021,,Active,Monthly,12,5,223.25,1,Yes
SUB-00376,CUS-00298,PLN-04,05-03-2021,,Active,Annual,19,0,327.83,12,Yes
SUB-00377,CUS-00299,PLN-03,09-05-2023,31-05-2026,Churned,Monthly,16,0,307,1,Yes
SUB-00378,CUS-00300,PLN-04,17-03-2022,,Active,Annual,39,0,687.83,12,Yes
SUB-00379,CUS-00301,PLN-04,23-04-2023,,Active,Annual,16,10,246.45,12,Yes
SUB-00380,CUS-00302,PLN-01,27-09-2022,,Active,Monthly,7,10,87.3,1,Yes
SUB-00381,CUS-00303,PLN-06,16-08-2021,,Active,Annual,44,0,833.83,12,Yes
SUB-00382,CUS-00304,PLN-03,27-02-2021,30-11-2024,Churned,Monthly,11,10,195.3,1,Yes
SUB-00383,CUS-00305,PLN-03,09-06-2022,31-12-2024,Churned,Monthly,12,15,199.75,1,Yes
SUB-00384,CUS-00306,PLN-03,05-04-2022,,Active,Monthly,11,0,217,1,Yes
SUB-00385,CUS-00307,PLN-02,11-10-2022,,Active,Annual,11,0,136.83,12,Yes
SUB-00386,CUS-00308,PLN-02,06-03-2021,,Active,Annual,19,10,209.55,12,Yes
SUB-00387,CUS-00309,PLN-01,26-06-2021,,Active,Monthly,4,0,61,1,Yes
SUB-00388,CUS-00310,PLN-03,05-10-2022,01-09-2024,Downgraded,Monthly,10,5,189.05,1,Yes
SUB-00389,CUS-00310,PLN-01,01-09-2024,28-02-2025,Churned,Monthly,7,5,92.15,1,Yes
SUB-00390,CUS-00311,PLN-02,05-06-2023,,Active,Annual,17,0,208.83,12,No
SUB-00391,CUS-00312,PLN-04,21-12-2023,,Active,Annual,26,0,453.83,12,Yes
SUB-00392,CUS-00313,PLN-03,13-10-2023,01-11-2025,Downgraded,Monthly,13,10,227.7,1,Yes
SUB-00393,CUS-00313,PLN-01,01-11-2025,,Active,Monthly,14,10,162.9,1,Yes
SUB-00394,CUS-00314,PLN-06,27-07-2022,,Active,Annual,38,0,701.83,12,Yes
SUB-00395,CUS-00315,PLN-09,13-08-2023,,Active,Monthly,22,5,341.05,1,Yes
SUB-00396,CUS-00316,PLN-10,07-10-2021,31-03-2024,Churned,Monthly,3,5,46.55,1,Yes
SUB-00397,CUS-00317,PLN-03,02-06-2023,,Active,Monthly,8,5,189.05,1,Yes
SUB-00398,CUS-00318,PLN-01,24-04-2021,31-08-2025,Churned,Monthly,7,0,97,1,Yes
SUB-00399,CUS-00319,PLN-10,08-01-2021,31-08-2024,Churned,Monthly,3,0,49,1,Yes
SUB-00400,CUS-00320,PLN-03,11-06-2021,30-04-2024,Churned,Monthly,10,0,199,1,Yes
SUB-00401,CUS-00321,PLN-04,05-02-2023,,Active,Annual,11,20,147.06,12,No
SUB-00402,CUS-00322,PLN-03,18-05-2023,01-09-2024,Upgraded,Monthly,14,0,271,1,Yes
SUB-00403,CUS-00322,PLN-05,01-09-2024,,Active,Monthly,18,0,499,1,Yes
SUB-00404,CUS-00323,PLN-03,03-12-2023,30-11-2024,Churned,Monthly,13,5,240.35,1,No
SUB-00405,CUS-00323,PLN-03,19-03-2025,,Active,Monthly,10,0,199,1,Yes
SUB-00406,CUS-00324,PLN-01,27-06-2022,29-02-2024,Churned,Monthly,4,5,57.95,1,Yes
SUB-00407,CUS-00325,PLN-10,26-01-2021,31-12-2024,Churned,Monthly,2,0,39,1,Yes
SUB-00408,CUS-00326,PLN-03,15-10-2021,,Active,Monthly,15,0,289,1,Yes
SUB-00409,CUS-00327,PLN-05,01-12-2021,01-02-2026,Downgraded,Monthly,27,15,461.55,1,Yes
SUB-00410,CUS-00327,PLN-03,01-02-2026,,Active,Monthly,22,15,352.75,1,Yes
SUB-00411,CUS-00328,PLN-01,28-03-2023,,Active,Monthly,2,10,44.1,1,Yes
SUB-00412,CUS-00329,PLN-06,27-11-2022,,Active,Annual,38,0,701.83,12,Yes
SUB-00413,CUS-00330,PLN-04,26-01-2021,,Active,Annual,21,10,327.45,12,Yes
SUB-00414,CUS-00331,PLN-01,22-05-2023,31-05-2024,Churned,Monthly,4,0,61,1,Yes
SUB-00415,CUS-00331,PLN-01,25-09-2024,,Active,Monthly,4,0,61,1,Yes
SUB-00416,CUS-00332,PLN-06,19-04-2023,,Active,Annual,83,0,1691.83,12,Yes
SUB-00417,CUS-00333,PLN-06,16-02-2021,30-06-2025,Churned,Annual,25,10,374.25,12,Yes
SUB-00418,CUS-00334,PLN-02,13-12-2022,,Active,Annual,6,0,76.83,12,Yes
SUB-00419,CUS-00335,PLN-10,15-01-2022,31-03-2025,Churned,Monthly,2,0,39,1,Yes
SUB-00420,CUS-00336,PLN-08,09-05-2021,,Active,Annual,434,0,9599.17,12,Yes
SUB-00421,CUS-00337,PLN-09,28-05-2021,,Active,Monthly,7,5,141.55,1,Yes
SUB-00422,CUS-00338,PLN-02,07-12-2021,,Active,Annual,11,0,136.83,12,Yes
SUB-00423,CUS-00339,PLN-03,15-11-2021,01-04-2024,Upgraded,Monthly,10,0,199,1,Yes
SUB-00424,CUS-00339,PLN-05,01-04-2024,01-10-2025,Upgraded,Monthly,16,0,499,1,Yes
SUB-00425,CUS-00339,PLN-07,01-10-2025,,Active,Monthly,23,0,1499,1,Yes
SUB-00426,CUS-00340,PLN-04,06-09-2023,31-01-2026,Churned,Annual,29,5,482.44,12,Yes
SUB-00427,CUS-00341,PLN-04,27-04-2021,,Active,Annual,18,0,309.83,12,Yes
SUB-00428,CUS-00342,PLN-04,14-06-2021,,Active,Annual,22,5,362.74,12,Yes
SUB-00429,CUS-00343,PLN-04,03-02-2021,,Active,Annual,13,10,197.85,12,Yes
SUB-00430,CUS-00344,PLN-08,11-08-2021,,Active,Annual,198,0,3699.17,12,Yes
SUB-00431,CUS-00345,PLN-04,17-08-2021,,Active,Annual,72,0,1281.83,12,Yes
SUB-00432,CUS-00346,PLN-01,25-09-2021,,Active,Monthly,9,0,121,1,Yes
SUB-00433,CUS-00347,PLN-02,07-02-2021,01-09-2024,Upgraded,Annual,5,10,58.35,12,Yes
SUB-00434,CUS-00347,PLN-04,01-09-2024,,Active,Annual,5,10,149.25,12,Yes
SUB-00435,CUS-00348,PLN-06,01-12-2023,,Active,Annual,68,0,1361.83,12,Yes
SUB-00436,CUS-00349,PLN-04,10-08-2022,,Active,Annual,29,0,507.83,12,Yes
SUB-00437,CUS-00350,PLN-03,13-05-2022,,Active,Monthly,12,0,235,1,Yes
SUB-00438,CUS-00351,PLN-01,24-02-2022,,Active,Monthly,3,0,49,1,Yes
SUB-00439,CUS-00352,PLN-09,17-03-2023,31-01-2024,Churned,Monthly,14,0,239,1,Yes
SUB-00440,CUS-00353,PLN-03,23-03-2023,29-02-2024,Churned,Monthly,11,0,217,1,Yes
SUB-00441,CUS-00354,PLN-04,25-04-2021,,Active,Annual,33,0,579.83,12,Yes
SUB-00442,CUS-00355,PLN-03,19-05-2022,01-07-2025,Upgraded,Monthly,15,5,274.55,1,Yes
SUB-00443,CUS-00355,PLN-05,01-07-2025,30-11-2025,Churned,Monthly,17,5,474.05,1,Yes
SUB-00444,CUS-00356,PLN-05,19-05-2021,31-08-2024,Churned,Monthly,26,0,521,1,No
SUB-00445,CUS-00357,PLN-03,30-05-2023,31-03-2024,Churned,Monthly,10,0,199,1,Yes
SUB-00446,CUS-00358,PLN-02,26-06-2023,,Active,Annual,17,10,187.95,12,Yes
SUB-00447,CUS-00359,PLN-06,22-03-2021,,Active,Annual,63,0,1251.83,12,Yes
SUB-00448,CUS-00360,PLN-03,14-03-2022,01-07-2025,Downgraded,Monthly,16,0,307,1,Yes
SUB-00449,CUS-00360,PLN-01,01-07-2025,,Active,Monthly,21,0,265,1,Yes
SUB-00450,CUS-00361,PLN-03,06-01-2023,01-10-2025,Upgraded,Monthly,14,0,271,1,Yes
SUB-00451,CUS-00361,PLN-05,01-10-2025,,Active,Monthly,16,0,499,1,Yes
SUB-00452,CUS-00362,PLN-05,06-02-2021,31-01-2025,Churned,Monthly,25,0,499,1,No
SUB-00453,CUS-00362,PLN-05,05-08-2025,,Active,Monthly,26,0,521,1,Yes
SUB-00454,CUS-00363,PLN-04,10-07-2021,,Active,Annual,26,0,453.83,12,Yes
SUB-00455,CUS-00364,PLN-04,02-08-2023,01-10-2025,Downgraded,Annual,10,0,165.83,12,Yes
SUB-00456,CUS-00364,PLN-02,01-10-2025,,Active,Annual,10,0,124.83,12,Yes
SUB-00457,CUS-00365,PLN-05,06-05-2023,01-12-2025,Upgraded,Monthly,43,0,895,1,Yes
SUB-00458,CUS-00365,PLN-07,01-12-2025,,Active,Monthly,54,0,1499,1,Yes
SUB-00459,CUS-00366,PLN-05,18-05-2023,01-05-2024,Upgraded,Monthly,33,0,675,1,Yes
SUB-00460,CUS-00366,PLN-07,01-05-2024,30-09-2024,Churned,Monthly,43,0,1499,1,Yes
SUB-00461,CUS-00367,PLN-05,18-03-2023,01-02-2024,Downgraded,Monthly,27,0,543,1,No
SUB-00462,CUS-00367,PLN-03,01-02-2024,30-09-2024,Churned,Monthly,21,0,397,1,No
SUB-00463,CUS-00368,PLN-03,25-05-2021,,Active,Monthly,29,0,541,1,No
SUB-00464,CUS-00369,PLN-01,03-08-2022,,Active,Monthly,6,5,80.75,1,Yes
SUB-00465,CUS-00370,PLN-01,26-01-2023,30-11-2024,Churned,Monthly,4,0,61,1,No
SUB-00466,CUS-00371,PLN-04,11-03-2023,,Active,Annual,14,5,225.94,12,Yes
SUB-00467,CUS-00372,PLN-01,02-11-2023,,Active,Monthly,5,0,73,1,Yes
SUB-00468,CUS-00373,PLN-02,30-12-2023,,Active,Annual,4,15,44.91,12,Yes
SUB-00469,CUS-00374,PLN-10,13-11-2021,,Active,Monthly,4,0,59,1,Yes
SUB-00470,CUS-00375,PLN-04,04-05-2021,,Active,Annual,47,0,831.83,12,Yes
SUB-00471,CUS-00376,PLN-10,16-11-2023,31-01-2024,Churned,Monthly,2,0,39,1,Yes
SUB-00472,CUS-00376,PLN-01,25-09-2024,31-01-2025,Churned,Monthly,3,0,49,1,Yes
SUB-00473,CUS-00377,PLN-05,15-09-2023,01-11-2024,Upgraded,Monthly,34,0,697,1,Yes
SUB-00474,CUS-00377,PLN-07,01-11-2024,01-06-2025,Downgraded,Monthly,35,0,1499,1,Yes
SUB-00475,CUS-00377,PLN-05,01-06-2025,,Active,Monthly,31,0,631,1,Yes
SUB-00476,CUS-00378,PLN-06,23-02-2023,,Active,Annual,45,5,813.04,12,Yes
SUB-00477,CUS-00379,PLN-08,09-02-2023,,Active,Annual,232,20,3639.34,12,Yes
SUB-00478,CUS-00380,PLN-01,29-08-2023,31-01-2024,Churned,Monthly,3,15,41.65,1,Yes
SUB-00479,CUS-00381,PLN-03,22-12-2023,01-09-2025,Downgraded,Monthly,18,0,343,1,Yes
SUB-00480,CUS-00381,PLN-01,01-09-2025,31-12-2025,Churned,Monthly,17,0,217,1,Yes
SUB-00481,CUS-00381,PLN-03,24-04-2026,,Active,Monthly,10,0,199,1,Yes
SUB-00482,CUS-00382,PLN-01,05-03-2022,30-11-2024,Churned,Monthly,6,0,85,1,Yes
SUB-00483,CUS-00383,PLN-03,08-07-2021,,Active,Monthly,6,0,199,1,Yes
SUB-00484,CUS-00384,PLN-03,09-08-2022,,Active,Monthly,14,0,271,1,Yes
SUB-00485,CUS-00385,PLN-09,02-02-2022,30-06-2025,Churned,Monthly,12,0,209,1,No
SUB-00486,CUS-00386,PLN-04,04-06-2023,,Active,Annual,70,0,1245.83,12,No
SUB-00487,CUS-00387,PLN-05,16-03-2021,01-10-2025,Upgraded,Monthly,32,15,555.05,1,Yes
SUB-00488,CUS-00387,PLN-07,01-10-2025,,Active,Monthly,35,15,1274.15,1,Yes
SUB-00489,CUS-00388,PLN-01,17-10-2021,31-08-2025,Churned,Monthly,3,0,49,1,Yes
SUB-00490,CUS-00389,PLN-03,21-07-2021,31-05-2024,Churned,Monthly,13,0,253,1,Yes
SUB-00491,CUS-00390,PLN-10,08-10-2022,30-09-2024,Churned,Monthly,4,15,50.15,1,Yes
SUB-00492,CUS-00391,PLN-10,05-09-2022,01-09-2024,Upgraded,Monthly,1,10,35.1,1,No
SUB-00493,CUS-00391,PLN-05,01-09-2024,31-08-2025,Churned,Monthly,2,10,449.1,1,No
SUB-00494,CUS-00392,PLN-06,28-06-2023,31-05-2026,Churned,Annual,61,0,1207.83,12,Yes
SUB-00495,CUS-00393,PLN-07,08-02-2023,,Active,Monthly,161,0,3024,1,Yes
SUB-00496,CUS-00394,PLN-03,02-07-2021,31-01-2025,Churned,Monthly,12,10,211.5,1,No
SUB-00497,CUS-00395,PLN-01,14-09-2023,30-04-2025,Churned,Monthly,3,20,39.2,1,Yes
SUB-00498,CUS-00396,PLN-09,01-11-2023,31-10-2024,Churned,Monthly,9,5,155.8,1,Yes
SUB-00499,CUS-00397,PLN-06,24-08-2021,,Active,Annual,67,0,1339.83,12,No
SUB-00500,CUS-00398,PLN-05,26-06-2021,,Active,Monthly,37,0,763,1,Yes
SUB-00501,CUS-00399,PLN-05,13-05-2022,31-03-2024,Churned,Monthly,25,0,499,1,Yes
SUB-00502,CUS-00400,PLN-10,09-10-2021,,Active,Monthly,4,0,59,1,Yes
SUB-00503,CUS-00401,PLN-06,28-04-2022,,Active,Annual,29,0,503.83,12,Yes
SUB-00504,CUS-00402,PLN-07,22-10-2023,28-02-2026,Churned,Monthly,207,15,3547.9,1,No
SUB-00505,CUS-00403,PLN-03,30-09-2022,30-04-2024,Churned,Monthly,14,0,271,1,Yes
SUB-00506,CUS-00404,PLN-10,31-10-2023,,Active,Monthly,2,0,39,1,Yes
SUB-00507,CUS-00405,PLN-04,08-09-2023,,Active,Annual,28,0,489.83,12,Yes
SUB-00508,CUS-00406,PLN-03,26-10-2021,30-06-2024,Churned,Monthly,10,0,199,1,No
SUB-00509,CUS-00407,PLN-03,28-09-2023,01-02-2025,Upgraded,Monthly,11,0,217,1,Yes
SUB-00510,CUS-00407,PLN-05,01-02-2025,,Active,Monthly,16,0,499,1,Yes
SUB-00511,CUS-00408,PLN-02,30-04-2023,,Active,Annual,11,0,136.83,12,Yes
SUB-00512,CUS-00409,PLN-03,07-04-2022,,Active,Monthly,11,0,217,1,Yes
SUB-00513,CUS-00410,PLN-05,11-08-2022,,Active,Monthly,36,0,741,1,Yes
SUB-00514,CUS-00411,PLN-03,19-09-2021,30-11-2025,Churned,Monthly,7,0,199,1,Yes
SUB-00515,CUS-00412,PLN-06,25-07-2022,,Active,Annual,64,0,1273.83,12,Yes
SUB-00516,CUS-00413,PLN-01,10-05-2022,30-11-2024,Churned,Monthly,3,5,46.55,1,Yes
SUB-00517,CUS-00414,PLN-02,11-07-2021,,Active,Annual,13,5,152.79,12,No
SUB-00518,CUS-00415,PLN-09,15-05-2021,30-11-2024,Churned,Monthly,8,0,149,1,Yes
SUB-00519,CUS-00416,PLN-08,01-07-2023,,Active,Annual,178,15,2719.29,12,Yes
SUB-00520,CUS-00417,PLN-06,01-12-2023,,Active,Annual,40,0,745.83,12,Yes
SUB-00521,CUS-00418,PLN-05,01-05-2021,01-12-2025,Upgraded,Monthly,55,15,985.15,1,Yes
SUB-00522,CUS-00418,PLN-07,01-12-2025,,Active,Monthly,78,15,1274.15,1,Yes
SUB-00523,CUS-00419,PLN-06,14-03-2022,,Active,Annual,37,10,611.85,12,Yes
SUB-00524,CUS-00420,PLN-04,25-02-2023,,Active,Annual,45,0,795.83,12,Yes
SUB-00525,CUS-00421,PLN-04,25-06-2021,,Active,Annual,19,0,327.83,12,Yes
SUB-00526,CUS-00422,PLN-04,12-08-2021,31-01-2024,Churned,Annual,10,0,165.83,12,Yes
SUB-00527,CUS-00423,PLN-09,08-11-2022,01-06-2024,Upgraded,Monthly,9,0,164,1,Yes
SUB-00528,CUS-00423,PLN-05,01-06-2024,,Active,Monthly,13,0,499,1,Yes
SUB-00529,CUS-00424,PLN-08,26-09-2022,,Active,Annual,302,0,6299.17,12,Yes
SUB-00530,CUS-00425,PLN-06,25-07-2023,,Active,Annual,74,10,1344.45,12,Yes
SUB-00531,CUS-00426,PLN-05,16-02-2023,,Active,Monthly,69,0,1467,1,Yes
SUB-00532,CUS-00427,PLN-05,04-09-2022,30-11-2025,Churned,Monthly,28,10,508.5,1,No
SUB-00533,CUS-00428,PLN-10,09-10-2021,,Active,Monthly,5,0,69,1,Yes
SUB-00534,CUS-00429,PLN-04,17-09-2021,,Active,Annual,10,10,149.25,12,Yes
SUB-00535,CUS-00430,PLN-01,05-07-2022,31-05-2024,Churned,Monthly,6,0,85,1,Yes
SUB-00536,CUS-00431,PLN-04,02-06-2022,,Active,Annual,18,0,309.83,12,Yes
SUB-00537,CUS-00432,PLN-01,07-03-2022,,Active,Monthly,11,15,123.25,1,Yes
SUB-00538,CUS-00433,PLN-02,10-02-2023,,Active,Annual,2,15,34.71,12,Yes
SUB-00539,CUS-00434,PLN-05,25-01-2021,01-04-2024,Upgraded,Monthly,25,0,499,1,Yes
SUB-00540,CUS-00434,PLN-07,01-04-2024,,Active,Monthly,33,0,1499,1,Yes
SUB-00541,CUS-00435,PLN-04,18-06-2021,,Active,Annual,11,5,174.64,12,Yes
SUB-00542,CUS-00436,PLN-02,25-11-2022,31-01-2024,Churned,Annual,3,0,40.83,12,Yes
SUB-00543,CUS-00437,PLN-01,29-07-2021,,Active,Monthly,4,0,61,1,Yes
SUB-00544,CUS-00438,PLN-08,22-06-2023,,Active,Annual,230,20,3599.34,12,No
SUB-00545,CUS-00439,PLN-03,07-09-2022,,Active,Monthly,15,5,274.55,1,Yes
SUB-00546,CUS-00440,PLN-03,27-12-2023,31-05-2025,Churned,Monthly,13,0,253,1,Yes
SUB-00547,CUS-00441,PLN-09,18-02-2023,,Active,Monthly,15,0,254,1,Yes
SUB-00548,CUS-00442,PLN-10,11-12-2023,31-07-2024,Churned,Monthly,3,5,46.55,1,No
SUB-00549,CUS-00443,PLN-02,26-07-2021,,Active,Annual,4,10,47.55,12,Yes
SUB-00550,CUS-00444,PLN-01,10-03-2021,31-03-2024,Churned,Monthly,3,0,49,1,Yes
SUB-00551,CUS-00445,PLN-05,30-05-2022,31-03-2025,Churned,Monthly,36,5,703.95,1,Yes
SUB-00552,CUS-00446,PLN-03,09-12-2023,31-12-2024,Churned,Monthly,10,0,199,1,Yes
SUB-00553,CUS-00447,PLN-03,23-01-2022,,Active,Monthly,12,5,223.25,1,No
SUB-00554,CUS-00448,PLN-08,10-03-2021,,Active,Annual,129,10,1776.75,12,Yes
SUB-00555,CUS-00449,PLN-03,28-11-2022,01-03-2024,Upgraded,Monthly,14,5,257.45,1,Yes
SUB-00556,CUS-00449,PLN-05,01-03-2024,30-11-2024,Churned,Monthly,19,5,474.05,1,Yes
SUB-00557,CUS-00449,PLN-03,22-03-2025,,Active,Monthly,11,0,217,1,Yes
SUB-00558,CUS-00450,PLN-03,21-09-2022,,Active,Monthly,12,0,235,1,Yes
SUB-00559,CUS-00451,PLN-03,02-05-2023,,Active,Monthly,16,0,307,1,Yes
SUB-00560,CUS-00452,PLN-06,14-11-2021,,Active,Annual,101,0,2087.83,12,Yes
SUB-00561,CUS-00453,PLN-07,26-06-2023,,Active,Monthly,322,0,7049,1,Yes
SUB-00562,CUS-00454,PLN-01,08-05-2021,31-08-2024,Churned,Monthly,5,0,73,1,Yes
SUB-00563,CUS-00455,PLN-06,11-06-2023,,Active,Annual,84,0,1713.83,12,Yes
SUB-00564,CUS-00456,PLN-06,19-01-2022,,Active,Annual,36,10,592.05,12,No
SUB-00565,CUS-00457,PLN-04,19-06-2023,,Active,Annual,9,15,140.96,12,Yes
SUB-00566,CUS-00458,PLN-06,07-01-2023,,Active,Annual,28,10,433.65,12,Yes
SUB-00567,CUS-00459,PLN-01,05-01-2022,31-07-2025,Churned,Monthly,5,0,73,1,Yes
SUB-00568,CUS-00460,PLN-10,02-05-2022,31-03-2025,Churned,Monthly,1,0,39,1,Yes
SUB-00569,CUS-00461,PLN-02,25-10-2024,,Active,Annual,5,0,64.83,12,Yes
SUB-00570,CUS-00462,PLN-07,26-07-2025,,Active,Monthly,149,0,2724,1,Yes
SUB-00571,CUS-00463,PLN-03,03-07-2024,01-05-2025,Upgraded,Monthly,22,0,415,1,No
SUB-00572,CUS-00463,PLN-05,01-05-2025,,Active,Monthly,31,0,631,1,No
SUB-00573,CUS-00464,PLN-01,10-07-2024,31-01-2026,Churned,Monthly,5,10,65.7,1,Yes
SUB-00574,CUS-00465,PLN-06,20-06-2026,,Active,Annual,37,5,645.84,12,Yes
SUB-00575,CUS-00466,PLN-06,25-05-2026,,Active,Annual,25,5,395.04,12,Yes
SUB-00576,CUS-00467,PLN-02,22-02-2026,,Active,Annual,3,0,40.83,12,Yes
SUB-00577,CUS-00468,PLN-01,25-03-2025,,Active,Monthly,2,0,49,1,Yes
SUB-00578,CUS-00469,PLN-01,24-04-2026,,Active,Monthly,3,0,49,1,No
SUB-00579,CUS-00470,PLN-03,18-11-2025,,Active,Monthly,10,5,189.05,1,Yes
SUB-00580,CUS-00471,PLN-03,12-05-2025,31-03-2026,Churned,Monthly,11,0,217,1,Yes
SUB-00581,CUS-00472,PLN-01,12-10-2025,,Active,Monthly,3,0,49,1,Yes
SUB-00582,CUS-00473,PLN-04,27-11-2024,,Active,Annual,18,10,278.85,12,Yes
SUB-00583,CUS-00474,PLN-04,03-05-2025,,Active,Annual,14,0,237.83,12,Yes
SUB-00584,CUS-00475,PLN-06,12-02-2026,,Active,Annual,39,0,723.83,12,Yes
SUB-00585,CUS-00476,PLN-03,12-03-2026,,Active,Monthly,13,0,253,1,Yes
SUB-00586,CUS-00477,PLN-02,20-08-2025,,Active,Annual,5,20,51.86,12,Yes
SUB-00587,CUS-00478,PLN-01,28-09-2024,30-09-2024,Churned,Monthly,4,0,61,1,Yes
SUB-00588,CUS-00479,PLN-01,11-03-2024,31-03-2026,Churned,Monthly,4,0,61,1,Yes
SUB-00589,CUS-00480,PLN-03,02-04-2026,,Active,Monthly,10,0,199,1,Yes
SUB-00590,CUS-00481,PLN-03,02-01-2026,31-01-2026,Churned,Monthly,10,0,199,1,Yes
SUB-00591,CUS-00482,PLN-01,17-02-2025,,Active,Monthly,3,10,44.1,1,Yes
SUB-00592,CUS-00483,PLN-03,16-07-2024,30-09-2024,Churned,Monthly,9,0,199,1,No
SUB-00593,CUS-00484,PLN-04,16-06-2025,,Active,Annual,12,0,201.83,12,Yes
SUB-00594,CUS-00485,PLN-01,26-01-2025,01-03-2025,Upgraded,Monthly,5,0,73,1,Yes
SUB-00595,CUS-00485,PLN-03,01-03-2025,,Active,Monthly,6,0,199,1,Yes
SUB-00596,CUS-00486,PLN-01,18-10-2025,,Active,Monthly,4,0,61,1,Yes
SUB-00597,CUS-00487,PLN-01,29-10-2025,31-10-2025,Churned,Monthly,4,20,48.8,1,No
SUB-00598,CUS-00488,PLN-01,02-10-2024,01-01-2025,Upgraded,Monthly,4,0,61,1,Yes
SUB-00599,CUS-00488,PLN-03,01-01-2025,31-01-2026,Churned,Monthly,5,0,199,1,Yes
SUB-00600,CUS-00489,PLN-04,16-12-2025,,Active,Annual,10,0,165.83,12,No
SUB-00601,CUS-00490,PLN-04,27-06-2026,,Active,Annual,10,0,165.83,12,Yes
SUB-00602,CUS-00491,PLN-04,25-03-2025,,Active,Annual,10,5,157.54,12,Yes
SUB-00603,CUS-00492,PLN-06,20-12-2024,30-11-2025,Churned,Annual,36,0,657.83,12,Yes
SUB-00604,CUS-00493,PLN-06,30-03-2025,,Active,Annual,59,0,1163.83,12,Yes
SUB-00605,CUS-00494,PLN-03,26-01-2024,29-02-2024,Churned,Monthly,14,10,243.9,1,Yes
SUB-00606,CUS-00495,PLN-04,16-11-2025,,Active,Annual,14,15,202.16,12,Yes
SUB-00607,CUS-00496,PLN-04,12-10-2024,,Active,Annual,15,10,230.25,12,No
SUB-00608,CUS-00497,PLN-06,15-03-2025,28-02-2026,Churned,Annual,25,5,395.04,12,Yes
SUB-00609,CUS-00497,PLN-06,11-06-2026,,Active,Annual,25,10,374.25,12,Yes
SUB-00610,CUS-00498,PLN-01,11-06-2025,31-12-2025,Churned,Monthly,5,0,73,1,Yes
SUB-00611,CUS-00499,PLN-01,28-02-2025,,Active,Monthly,2,0,49,1,Yes
SUB-00612,CUS-00500,PLN-04,23-04-2025,,Active,Annual,19,0,327.83,12,Yes
SUB-00613,CUS-00501,PLN-01,30-11-2025,,Active,Monthly,3,0,49,1,No
SUB-00614,CUS-00502,PLN-03,21-11-2025,31-01-2026,Churned,Monthly,10,10,179.1,1,Yes
SUB-00615,CUS-00503,PLN-03,09-07-2025,,Active,Monthly,9,0,199,1,Yes
SUB-00616,CUS-00504,PLN-07,21-02-2025,,Active,Monthly,200,0,3999,1,Yes
SUB-00617,CUS-00505,PLN-03,03-07-2025,,Active,Monthly,23,0,433,1,Yes
SUB-00618,CUS-00506,PLN-04,21-01-2026,,Active,Annual,14,0,237.83,12,Yes
SUB-00619,CUS-00507,PLN-01,29-01-2026,31-01-2026,Churned,Monthly,4,0,61,1,Yes
SUB-00620,CUS-00508,PLN-01,20-05-2026,,Active,Monthly,5,0,73,1,Yes
SUB-00621,CUS-00509,PLN-02,11-04-2024,,Active,Annual,9,0,112.83,12,Yes
SUB-00622,CUS-00510,PLN-08,19-12-2025,,Active,Annual,100,0,1249.17,12,Yes
SUB-00623,CUS-00511,PLN-05,02-12-2024,,Active,Monthly,51,0,1071,1,Yes
SUB-00624,CUS-00512,PLN-05,23-11-2024,01-02-2025,Upgraded,Monthly,25,0,499,1,Yes
SUB-00625,CUS-00512,PLN-07,01-02-2025,,Active,Monthly,23,0,1499,1,Yes
SUB-00626,CUS-00513,PLN-05,28-01-2026,,Active,Monthly,25,0,499,1,Yes
SUB-00627,CUS-00514,PLN-07,27-11-2024,,Active,Monthly,170,10,2924.1,1,Yes
SUB-00628,CUS-00515,PLN-03,15-11-2024,,Active,Monthly,15,0,289,1,Yes
SUB-00629,CUS-00516,PLN-03,09-01-2026,28-02-2026,Churned,Monthly,11,20,173.6,1,Yes
SUB-00630,CUS-00517,PLN-01,13-05-2024,,Active,Monthly,7,0,97,1,Yes
SUB-00631,CUS-00518,PLN-05,20-04-2026,,Active,Monthly,25,0,499,1,Yes
SUB-00632,CUS-00519,PLN-01,14-11-2025,01-04-2026,Upgraded,Monthly,3,15,41.65,1,No
SUB-00633,CUS-00519,PLN-03,01-04-2026,,Active,Monthly,3,15,169.15,1,No
SUB-00634,CUS-00520,PLN-03,05-04-2025,30-11-2025,Churned,Monthly,13,0,253,1,Yes
SUB-00635,CUS-00521,PLN-06,01-10-2025,,Active,Annual,25,5,395.04,12,Yes
SUB-00636,CUS-00522,PLN-02,31-05-2025,,Active,Annual,7,0,88.83,12,Yes
SUB-00637,CUS-00523,PLN-03,15-05-2026,,Active,Monthly,10,5,189.05,1,Yes
SUB-00638,CUS-00524,PLN-03,28-01-2025,,Active,Monthly,12,0,235,1,Yes
SUB-00639,CUS-00525,PLN-03,10-05-2026,,Active,Monthly,11,0,217,1,Yes
SUB-00640,CUS-00526,PLN-03,12-04-2026,,Active,Monthly,10,0,199,1,Yes
SUB-00641,CUS-00527,PLN-05,24-11-2025,,Active,Monthly,25,15,424.15,1,Yes
SUB-00642,CUS-00528,PLN-01,22-09-2025,,Active,Monthly,5,10,65.7,1,Yes
SUB-00643,CUS-00529,PLN-04,05-12-2024,30-11-2025,Churned,Annual,10,0,165.83,12,Yes
SUB-00644,CUS-00530,PLN-03,16-06-2026,,Active,Monthly,10,0,199,1,Yes
SUB-00645,CUS-00531,PLN-08,26-05-2025,,Active,Annual,84,0,1249.17,12,Yes
SUB-00646,CUS-00532,PLN-05,26-07-2025,,Active,Monthly,53,0,1115,1,Yes
SUB-00647,CUS-00533,PLN-02,13-04-2025,,Active,Annual,4,0,52.83,12,Yes
SUB-00648,CUS-00534,PLN-04,27-04-2025,31-03-2026,Churned,Annual,10,10,149.25,12,Yes
SUB-00649,CUS-00535,PLN-03,05-06-2024,01-01-2026,Upgraded,Monthly,10,0,199,1,Yes
SUB-00650,CUS-00535,PLN-05,01-01-2026,31-03-2026,Churned,Monthly,10,0,499,1,Yes
SUB-00651,CUS-00536,PLN-03,19-03-2024,,Active,Monthly,22,20,332,1,Yes
SUB-00652,CUS-00537,PLN-03,15-02-2025,01-12-2025,Downgraded,Monthly,12,0,235,1,Yes
SUB-00653,CUS-00537,PLN-01,01-12-2025,,Active,Monthly,11,0,145,1,Yes
SUB-00654,CUS-00538,PLN-01,18-03-2026,31-03-2026,Churned,Monthly,5,15,62.05,1,No
SUB-00655,CUS-00539,PLN-03,06-08-2025,,Active,Monthly,10,0,199,1,Yes
SUB-00656,CUS-00540,PLN-01,05-02-2026,,Active,Monthly,5,10,65.7,1,Yes
SUB-00657,CUS-00541,PLN-03,04-12-2024,31-01-2026,Churned,Monthly,11,15,184.45,1,No
SUB-00658,CUS-00542,PLN-03,18-02-2026,,Active,Monthly,14,0,271,1,Yes
SUB-00659,CUS-00543,PLN-03,26-12-2024,28-02-2026,Churned,Monthly,13,0,253,1,Yes
SUB-00660,CUS-00544,PLN-03,30-03-2025,31-05-2025,Churned,Monthly,10,0,199,1,Yes
SUB-00661,CUS-00545,PLN-03,09-01-2025,31-05-2025,Churned,Monthly,10,0,199,1,Yes
SUB-00662,CUS-00546,PLN-01,31-03-2026,31-05-2026,Churned,Monthly,2,0,49,1,Yes
SUB-00663,CUS-00547,PLN-03,20-07-2024,31-03-2025,Churned,Monthly,19,10,324.9,1,Yes
SUB-00664,CUS-00548,PLN-01,15-06-2026,,Active,Monthly,3,0,49,1,No
SUB-00665,CUS-00549,PLN-08,27-10-2024,,Active,Annual,136,10,1934.25,12,Yes
SUB-00666,CUS-00550,PLN-02,04-10-2025,,Active,Annual,3,5,38.79,12,Yes
SUB-00667,CUS-00551,PLN-01,12-01-2026,,Active,Monthly,4,0,61,1,Yes
SUB-00668,CUS-00552,PLN-05,12-04-2025,31-07-2025,Churned,Monthly,28,5,536.75,1,Yes
SUB-00669,CUS-00553,PLN-03,09-06-2024,28-02-2026,Churned,Monthly,17,0,325,1,Yes
SUB-00670,CUS-00554,PLN-01,07-05-2025,31-01-2026,Churned,Monthly,2,0,49,1,Yes
SUB-00671,CUS-00555,PLN-02,01-06-2026,,Active,Annual,3,0,40.83,12,Yes
SUB-00672,CUS-00556,PLN-06,06-12-2025,,Active,Annual,25,0,415.83,12,Yes
SUB-00673,CUS-00557,PLN-01,01-04-2024,30-06-2024,Churned,Monthly,3,15,41.65,1,Yes
SUB-00674,CUS-00558,PLN-06,27-10-2024,,Active,Annual,25,10,374.25,12,Yes
SUB-00675,CUS-00559,PLN-01,24-10-2025,28-02-2026,Churned,Monthly,3,0,49,1,Yes
SUB-00676,CUS-00560,PLN-06,09-10-2025,,Active,Annual,25,0,415.83,12,No
SUB-00677,CUS-00561,PLN-04,05-01-2025,,Active,Annual,14,0,237.83,12,No
SUB-00678,CUS-00562,PLN-03,08-03-2025,,Active,Monthly,13,0,253,1,Yes
SUB-00679,CUS-00563,PLN-03,11-10-2025,28-02-2026,Churned,Monthly,12,0,235,1,Yes
SUB-00680,CUS-00564,PLN-04,11-10-2025,,Active,Annual,10,10,149.25,12,No
SUB-00681,CUS-00565,PLN-06,06-12-2025,,Active,Annual,37,0,679.83,12,Yes
SUB-00682,CUS-00566,PLN-03,21-02-2024,31-05-2026,Churned,Monthly,17,20,260,1,Yes
SUB-00683,CUS-00567,PLN-01,29-04-2026,31-05-2026,Churned,Monthly,3,15,41.65,1,No
SUB-00684,CUS-00568,PLN-03,23-12-2025,28-02-2026,Churned,Monthly,12,0,235,1,Yes
SUB-00685,CUS-00569,PLN-05,03-04-2025,,Active,Monthly,25,0,499,1,Yes
SUB-00686,CUS-00570,PLN-03,23-03-2024,01-02-2025,Upgraded,Monthly,12,0,235,1,Yes
SUB-00687,CUS-00570,PLN-05,01-02-2025,,Active,Monthly,17,0,499,1,Yes
SUB-00688,CUS-00571,PLN-06,29-02-2024,,Active,Annual,27,0,459.83,12,Yes
SUB-00689,CUS-00572,PLN-03,09-03-2026,31-05-2026,Churned,Monthly,10,15,169.15,1,No
SUB-00690,CUS-00573,PLN-01,08-11-2024,01-10-2025,Upgraded,Monthly,7,0,97,1,No
SUB-00691,CUS-00573,PLN-03,01-10-2025,,Active,Monthly,10,0,199,1,No
SUB-00692,CUS-00574,PLN-01,03-07-2024,31-10-2024,Churned,Monthly,2,10,44.1,1,Yes
SUB-00693,CUS-00575,PLN-05,04-05-2024,,Active,Monthly,24,0,499,1,Yes
SUB-00694,CUS-00576,PLN-06,11-01-2025,,Active,Annual,22,0,415.83,12,Yes
SUB-00695,CUS-00577,PLN-01,08-01-2025,,Active,Monthly,4,0,61,1,Yes
SUB-00696,CUS-00578,PLN-03,14-03-2026,,Active,Monthly,10,5,189.05,1,Yes
SUB-00697,CUS-00579,PLN-02,06-05-2026,,Active,Annual,3,0,40.83,12,Yes
SUB-00698,CUS-00580,PLN-07,16-03-2026,,Active,Monthly,161,0,3024,1,Yes
SUB-00699,CUS-00581,PLN-04,19-05-2026,,Active,Annual,17,0,291.83,12,Yes
SUB-00700,CUS-00582,PLN-06,12-12-2024,,Active,Annual,45,0,855.83,12,Yes
SUB-00701,CUS-00583,PLN-03,04-05-2025,31-05-2025,Churned,Monthly,17,10,292.5,1,No
SUB-00702,CUS-00584,PLN-05,30-05-2026,,Active,Monthly,25,0,499,1,Yes
SUB-00703,CUS-00585,PLN-05,16-02-2025,30-06-2025,Churned,Monthly,25,0,499,1,No
SUB-00704,CUS-00586,PLN-01,12-11-2024,30-09-2025,Churned,Monthly,5,0,73,1,Yes
SUB-00705,CUS-00587,PLN-04,05-02-2024,,Active,Annual,13,0,219.83,12,Yes
SUB-00706,CUS-00588,PLN-03,18-01-2025,01-11-2025,Upgraded,Monthly,11,10,195.3,1,Yes
SUB-00707,CUS-00588,PLN-05,01-11-2025,,Active,Monthly,14,10,449.1,1,Yes
SUB-00708,CUS-00589,PLN-05,20-04-2024,,Active,Monthly,41,0,851,1,Yes
SUB-00709,CUS-00590,PLN-04,14-10-2025,,Active,Annual,17,0,291.83,12,Yes
SUB-00710,CUS-00591,PLN-03,31-05-2026,,Active,Monthly,10,0,199,1,Yes
SUB-00711,CUS-00592,PLN-08,28-01-2025,,Active,Annual,143,0,2324.17,12,Yes
SUB-00712,CUS-00593,PLN-05,08-09-2024,30-09-2024,Churned,Monthly,25,0,499,1,Yes
SUB-00713,CUS-00594,PLN-04,14-02-2026,,Active,Annual,10,20,132.66,12,No
SUB-00714,CUS-00595,PLN-03,05-01-2025,,Active,Monthly,12,0,235,1,Yes
SUB-00715,CUS-00596,PLN-01,30-08-2024,30-04-2025,Churned,Monthly,6,0,85,1,Yes
SUB-00716,CUS-00597,PLN-01,27-03-2026,,Active,Monthly,4,0,61,1,Yes
SUB-00717,CUS-00598,PLN-08,08-02-2024,31-01-2025,Churned,Annual,145,0,2374.17,12,Yes
SUB-00718,CUS-00598,PLN-08,13-07-2025,,Active,Annual,100,15,1061.79,12,Yes
SUB-00719,CUS-00599,PLN-05,18-06-2024,01-09-2025,Upgraded,Monthly,50,0,1049,1,Yes
SUB-00720,CUS-00599,PLN-07,01-09-2025,,Active,Monthly,61,0,1499,1,Yes
SUB-00721,CUS-00600,PLN-03,30-09-2024,01-05-2025,Upgraded,Monthly,11,10,195.3,1,No
SUB-00722,CUS-00600,PLN-05,01-05-2025,30-11-2025,Churned,Monthly,15,10,449.1,1,No
SUB-00723,CUS-00601,PLN-04,22-05-2025,,Active,Annual,18,0,309.83,12,Yes
SUB-00724,CUS-00602,PLN-03,06-05-2024,01-06-2024,Upgraded,Monthly,10,0,199,1,No
SUB-00725,CUS-00602,PLN-05,01-06-2024,28-02-2025,Churned,Monthly,11,0,499,1,No
SUB-00726,CUS-00602,PLN-03,13-05-2025,31-05-2026,Churned,Monthly,14,0,271,1,Yes
SUB-00727,CUS-00603,PLN-03,28-12-2024,31-12-2024,Churned,Monthly,12,0,235,1,Yes
SUB-00728,CUS-00604,PLN-02,08-06-2026,,Active,Annual,3,0,40.83,12,No
SUB-00729,CUS-00605,PLN-02,30-04-2026,,Active,Annual,3,0,40.83,12,Yes
SUB-00730,CUS-00606,PLN-05,09-04-2024,30-04-2024,Churned,Monthly,28,0,565,1,No
SUB-00731,CUS-00607,PLN-03,12-04-2024,,Active,Monthly,12,5,223.25,1,Yes
SUB-00732,CUS-00608,PLN-08,26-12-2025,,Active,Annual,100,0,1249.17,12,Yes
SUB-00733,CUS-00609,PLN-03,04-04-2026,,Active,Monthly,10,0,199,1,Yes
SUB-00734,CUS-00610,PLN-04,19-11-2024,,Active,Annual,19,0,327.83,12,Yes
SUB-00735,CUS-00611,PLN-02,24-04-2025,,Active,Annual,4,0,52.83,12,Yes
SUB-00736,CUS-00612,PLN-06,14-08-2025,,Active,Annual,25,0,415.83,12,Yes
SUB-00737,CUS-00613,PLN-01,05-01-2025,31-10-2025,Churned,Monthly,5,10,65.7,1,Yes
SUB-00738,CUS-00614,PLN-01,25-01-2025,,Active,Monthly,5,0,73,1,Yes
SUB-00739,CUS-00615,PLN-06,01-06-2024,,Active,Annual,29,0,503.83,12,Yes
SUB-00740,CUS-00616,PLN-04,09-10-2025,,Active,Annual,12,0,201.83,12,Yes
SUB-00741,CUS-00617,PLN-01,31-03-2026,,Active,Monthly,5,15,62.05,1,Yes
SUB-00742,CUS-00618,PLN-01,03-01-2026,,Active,Monthly,2,5,46.55,1,Yes
SUB-00743,CUS-00619,PLN-08,23-11-2024,,Active,Annual,221,0,4274.17,12,Yes
SUB-00744,CUS-00620,PLN-01,13-06-2026,,Active,Monthly,3,0,49,1,No
SUB-00745,CUS-00621,PLN-04,29-04-2025,,Active,Annual,30,0,525.83,12,Yes
SUB-00746,CUS-00622,PLN-06,05-06-2024,,Active,Annual,63,5,1189.24,12,Yes
SUB-00747,CUS-00623,PLN-02,25-02-2024,,Active,Annual,4,10,47.55,12,Yes
SUB-00748,CUS-00624,PLN-06,20-05-2026,,Active,Annual,34,10,552.45,12,Yes
SUB-00749,CUS-00625,PLN-03,06-04-2025,01-12-2025,Upgraded,Monthly,21,0,397,1,Yes
SUB-00750,CUS-00625,PLN-05,01-12-2025,01-05-2026,Upgraded,Monthly,26,0,521,1,Yes
SUB-00751,CUS-00625,PLN-07,01-05-2026,,Active,Monthly,28,0,1499,1,Yes
SUB-00752,CUS-00626,PLN-05,22-11-2025,,Active,Monthly,34,0,697,1,Yes
SUB-00753,CUS-00627,PLN-03,12-05-2025,31-10-2025,Churned,Monthly,10,0,199,1,Yes
SUB-00754,CUS-00628,PLN-03,10-05-2024,,Active,Monthly,17,0,325,1,No
SUB-00755,CUS-00629,PLN-04,02-05-2024,,Active,Annual,25,5,414.04,12,Yes
SUB-00756,CUS-00630,PLN-01,06-06-2024,30-11-2025,Churned,Monthly,6,0,85,1,Yes
SUB-00757,CUS-00631,PLN-03,02-01-2025,01-06-2025,Upgraded,Monthly,14,0,271,1,Yes
SUB-00758,CUS-00631,PLN-05,01-06-2025,,Active,Monthly,18,0,499,1,Yes
SUB-00759,CUS-00632,PLN-01,11-05-2024,01-09-2025,Upgraded,Monthly,4,0,61,1,Yes
SUB-00760,CUS-00632,PLN-03,01-09-2025,01-05-2026,Downgraded,Monthly,4,0,199,1,Yes
SUB-00761,CUS-00632,PLN-01,01-05-2026,,Active,Monthly,3,0,49,1,Yes
SUB-00762,CUS-00633,PLN-01,05-12-2024,,Active,Monthly,4,0,61,1,Yes
SUB-00763,CUS-00634,PLN-03,19-03-2026,,Active,Monthly,11,0,217,1,Yes
SUB-00764,CUS-00635,PLN-03,30-01-2025,30-04-2026,Churned,Monthly,11,10,195.3,1,Yes
SUB-00765,CUS-00636,PLN-02,04-06-2025,,Active,Annual,2,0,40.83,12,Yes
SUB-00766,CUS-00637,PLN-05,30-10-2024,,Active,Monthly,31,0,631,1,Yes
SUB-00767,CUS-00638,PLN-03,23-11-2025,,Active,Monthly,13,15,215.05,1,Yes
SUB-00768,CUS-00639,PLN-03,13-01-2026,,Active,Monthly,11,0,217,1,Yes
SUB-00769,CUS-00640,PLN-04,07-04-2025,,Active,Annual,16,5,260.14,12,Yes
SUB-00770,CUS-00641,PLN-03,01-02-2024,31-07-2025,Churned,Monthly,22,0,415,1,No
SUB-00771,CUS-00641,PLN-03,05-10-2025,,Active,Monthly,12,10,211.5,1,Yes
SUB-00772,CUS-00642,PLN-03,10-02-2024,31-03-2024,Churned,Monthly,11,15,184.45,1,Yes
SUB-00773,CUS-00643,PLN-01,15-05-2026,,Active,Monthly,3,0,49,1,Yes
SUB-00774,CUS-00644,PLN-01,15-09-2024,31-01-2026,Churned,Monthly,3,5,46.55,1,Yes
SUB-00775,CUS-00645,PLN-03,11-02-2026,31-03-2026,Churned,Monthly,14,0,271,1,Yes
SUB-00776,CUS-00646,PLN-03,23-07-2025,30-04-2026,Churned,Monthly,9,0,199,1,Yes
SUB-00777,CUS-00647,PLN-01,10-10-2024,,Active,Monthly,3,0,49,1,No
SUB-00778,CUS-00648,PLN-01,27-04-2026,,Active,Monthly,5,0,73,1,Yes
SUB-00779,CUS-00649,PLN-03,06-05-2025,,Active,Monthly,9,0,199,1,Yes
SUB-00780,CUS-00650,PLN-02,11-05-2026,,Active,Annual,3,0,40.83,12,Yes
SUB-00781,CUS-00651,PLN-05,08-09-2024,,Active,Monthly,28,0,565,1,Yes
SUB-00782,CUS-00652,PLN-01,14-04-2026,,Active,Monthly,5,10,65.7,1,Yes
SUB-00783,CUS-00653,PLN-01,07-11-2025,,Active,Monthly,3,10,44.1,1,No
SUB-00784,CUS-00654,PLN-01,24-11-2025,31-12-2025,Churned,Monthly,3,0,49,1,Yes
SUB-00785,CUS-00655,PLN-03,07-04-2025,30-11-2025,Churned,Monthly,10,10,179.1,1,Yes
SUB-00786,CUS-00655,PLN-03,13-06-2026,,Active,Monthly,10,0,199,1,Yes
SUB-00787,CUS-00656,PLN-03,23-11-2025,,Active,Monthly,10,10,179.1,1,Yes
SUB-00788,CUS-00657,PLN-03,23-08-2024,01-09-2024,Upgraded,Monthly,14,5,257.45,1,Yes
SUB-00789,CUS-00657,PLN-05,01-09-2024,31-10-2024,Churned,Monthly,12,5,474.05,1,Yes
SUB-00790,CUS-00658,PLN-03,23-01-2025,,Active,Monthly,11,0,217,1,Yes
SUB-00791,CUS-00659,PLN-06,05-06-2026,,Active,Annual,25,10,374.25,12,Yes
SUB-00792,CUS-00660,PLN-02,04-11-2025,,Active,Annual,5,0,64.83,12,Yes
SUB-00793,CUS-00661,PLN-07,01-04-2026,,Active,Monthly,113,0,1824,1,Yes
SUB-00794,CUS-00662,PLN-03,25-04-2026,31-05-2026,Churned,Monthly,13,0,253,1,Yes
SUB-00795,CUS-00663,PLN-01,29-04-2026,30-04-2026,Churned,Monthly,3,10,44.1,1,Yes
SUB-00796,CUS-00664,PLN-03,12-02-2024,31-08-2025,Churned,Monthly,10,5,189.05,1,Yes
SUB-00797,CUS-00665,PLN-01,08-05-2025,01-04-2026,Upgraded,Monthly,6,20,68,1,Yes
SUB-00798,CUS-00665,PLN-03,01-04-2026,,Active,Monthly,6,20,159.2,1,Yes
SUB-00799,CUS-00666,PLN-04,26-02-2026,,Active,Annual,10,0,165.83,12,No
SUB-00800,CUS-00667,PLN-04,22-04-2025,,Active,Annual,13,0,219.83,12,Yes
SUB-00801,CUS-00668,PLN-01,10-08-2024,31-12-2024,Churned,Monthly,3,0,49,1,Yes
SUB-00802,CUS-00669,PLN-01,05-01-2026,,Active,Monthly,5,0,73,1,No
SUB-00803,CUS-00670,PLN-03,27-06-2025,30-04-2026,Churned,Monthly,14,0,271,1,Yes
SUB-00804,CUS-00671,PLN-01,19-02-2026,01-04-2026,Upgraded,Monthly,4,0,61,1,Yes
SUB-00805,CUS-00671,PLN-03,01-04-2026,,Active,Monthly,4,0,199,1,Yes
SUB-00806,CUS-00672,PLN-04,17-06-2026,,Active,Annual,10,5,157.54,12,Yes
SUB-00807,CUS-00673,PLN-03,23-12-2024,01-03-2025,Upgraded,Monthly,10,15,169.15,1,No
SUB-00808,CUS-00673,PLN-05,01-03-2025,,Active,Monthly,13,15,424.15,1,No
SUB-00809,CUS-00674,PLN-01,09-11-2025,,Active,Monthly,7,5,92.15,1,Yes
SUB-00810,CUS-00675,PLN-02,25-10-2024,,Active,Annual,3,20,32.66,12,Yes
SUB-00811,CUS-00676,PLN-05,02-05-2026,,Active,Monthly,26,0,521,1,Yes
SUB-00812,CUS-00677,PLN-04,14-11-2025,,Active,Annual,10,10,149.25,12,No
SUB-00813,CUS-00678,PLN-06,24-12-2025,,Active,Annual,25,0,415.83,12,Yes
SUB-00814,CUS-00679,PLN-03,01-10-2025,,Active,Monthly,17,5,308.75,1,No
SUB-00815,CUS-00680,PLN-08,19-03-2026,,Active,Annual,100,0,1249.17,12,Yes
SUB-00816,CUS-00681,PLN-01,16-02-2026,,Active,Monthly,6,0,85,1,Yes
SUB-00817,CUS-00682,PLN-03,07-11-2025,30-11-2025,Churned,Monthly,17,0,325,1,Yes
SUB-00818,CUS-00683,PLN-03,30-11-2024,,Active,Monthly,10,0,199,1,Yes
SUB-00819,CUS-00684,PLN-01,03-01-2026,,Active,Monthly,5,0,73,1,No
SUB-00820,CUS-00685,PLN-05,23-06-2025,31-07-2025,Churned,Monthly,25,0,499,1,Yes
SUB-00821,CUS-00686,PLN-03,07-04-2026,,Active,Monthly,15,0,289,1,Yes
SUB-00822,CUS-00687,PLN-05,30-03-2025,,Active,Monthly,38,0,785,1,Yes
SUB-00823,CUS-00688,PLN-03,13-03-2026,,Active,Monthly,11,0,217,1,Yes
SUB-00824,CUS-00689,PLN-04,06-05-2026,,Active,Annual,13,0,219.83,12,No
SUB-00825,CUS-00690,PLN-03,22-10-2025,,Active,Monthly,12,0,235,1,Yes
SUB-00826,CUS-00691,PLN-01,04-06-2025,31-08-2025,Churned,Monthly,4,0,61,1,Yes
SUB-00827,CUS-00692,PLN-04,17-05-2025,,Active,Annual,16,0,273.83,12,Yes
SUB-00828,CUS-00693,PLN-05,28-02-2025,28-02-2025,Churned,Monthly,43,0,895,1,Yes
SUB-00829,CUS-00693,PLN-05,27-07-2025,,Active,Monthly,31,15,536.35,1,Yes
SUB-00830,CUS-00694,PLN-01,11-12-2025,,Active,Monthly,4,0,61,1,Yes
SUB-00831,CUS-00695,PLN-03,05-04-2025,30-06-2025,Churned,Monthly,10,0,199,1,Yes
SUB-00832,CUS-00696,PLN-01,04-09-2024,30-06-2025,Churned,Monthly,3,15,41.65,1,Yes
SUB-00833,CUS-00697,PLN-01,16-10-2024,01-03-2025,Upgraded,Monthly,3,0,49,1,Yes
SUB-00834,CUS-00697,PLN-03,01-03-2025,,Active,Monthly,4,0,199,1,Yes
SUB-00835,CUS-00698,PLN-04,30-08-2024,,Active,Annual,11,0,183.83,12,Yes
SUB-00836,CUS-00699,PLN-05,10-06-2026,,Active,Monthly,30,0,609,1,Yes
SUB-00837,CUS-00700,PLN-01,22-03-2026,31-03-2026,Churned,Monthly,3,5,46.55,1,No
SUB-00838,CUS-00701,PLN-02,29-02-2024,,Active,Annual,6,0,76.83,12,Yes
SUB-00839,CUS-00702,PLN-03,27-03-2026,,Active,Monthly,16,20,245.6,1,Yes
SUB-00840,CUS-00703,PLN-03,25-09-2024,01-11-2025,Downgraded,Monthly,13,0,253,1,Yes
SUB-00841,CUS-00703,PLN-01,01-11-2025,,Active,Monthly,10,0,133,1,Yes
SUB-00842,CUS-00704,PLN-04,02-08-2024,,Active,Annual,12,0,201.83,12,Yes
SUB-00843,CUS-00705,PLN-07,08-10-2025,,Active,Monthly,161,5,2872.8,1,Yes
SUB-00844,CUS-00706,PLN-03,04-08-2024,,Active,Monthly,19,0,361,1,Yes
SUB-00845,CUS-00707,PLN-05,30-09-2025,,Active,Monthly,40,0,829,1,Yes
SUB-00846,CUS-00708,PLN-04,23-05-2025,,Active,Annual,10,0,165.83,12,Yes
SUB-00847,CUS-00709,PLN-05,28-07-2024,01-04-2025,Upgraded,Monthly,23,0,499,1,Yes
SUB-00848,CUS-00709,PLN-07,01-04-2025,,Active,Monthly,33,0,1499,1,Yes
SUB-00849,CUS-00710,PLN-03,17-05-2024,01-09-2024,Downgraded,Monthly,13,0,253,1,Yes
SUB-00850,CUS-00710,PLN-01,01-09-2024,30-04-2026,Churned,Monthly,13,0,169,1,Yes
SUB-00851,CUS-00711,PLN-03,18-10-2025,,Active,Monthly,19,0,361,1,No
SUB-00852,CUS-00712,PLN-03,25-06-2024,,Active,Monthly,16,0,307,1,Yes
SUB-00853,CUS-00713,PLN-01,19-02-2026,,Active,Monthly,4,5,57.95,1,Yes
SUB-00854,CUS-00714,PLN-04,24-01-2025,,Active,Annual,10,0,165.83,12,Yes
SUB-00855,CUS-00715,PLN-01,08-01-2026,,Active,Monthly,4,0,61,1,No
SUB-00856,CUS-00716,PLN-01,12-01-2026,,Active,Monthly,3,5,46.55,1,Yes
SUB-00857,CUS-00717,PLN-03,01-08-2024,31-08-2025,Churned,Monthly,13,0,253,1,Yes
SUB-00858,CUS-00718,PLN-03,07-02-2026,,Active,Monthly,13,0,253,1,Yes
SUB-00859,CUS-00719,PLN-08,02-03-2025,,Active,Annual,167,0,2924.17,12,Yes
SUB-00860,CUS-00720,PLN-01,27-11-2025,,Active,Monthly,5,0,73,1,Yes
SUB-00861,CUS-00721,PLN-03,11-09-2024,31-10-2025,Churned,Monthly,10,0,199,1,Yes
SUB-00862,CUS-00722,PLN-04,28-02-2026,,Active,Annual,10,0,165.83,12,Yes
SUB-00863,CUS-00723,PLN-01,13-06-2025,31-07-2025,Churned,Monthly,3,0,49,1,Yes
SUB-00864,CUS-00724,PLN-05,27-01-2025,01-02-2026,Upgraded,Monthly,25,10,449.1,1,Yes
SUB-00865,CUS-00724,PLN-07,01-02-2026,,Active,Monthly,29,10,1349.1,1,Yes
SUB-00866,CUS-00725,PLN-04,28-09-2024,,Active,Annual,8,0,165.83,12,Yes
SUB-00867,CUS-00726,PLN-05,16-04-2025,,Active,Monthly,40,5,787.55,1,Yes
SUB-00868,CUS-00727,PLN-01,31-12-2024,28-02-2025,Churned,Monthly,3,0,49,1,No
SUB-00869,CUS-00728,PLN-01,23-04-2026,,Active,Monthly,4,0,61,1,Yes
SUB-00870,CUS-00729,PLN-01,08-09-2025,,Active,Monthly,3,0,49,1,Yes
SUB-00871,CUS-00730,PLN-03,17-05-2026,,Active,Monthly,16,0,307,1,Yes
SUB-00872,CUS-00731,PLN-02,17-05-2024,,Active,Annual,2,0,40.83,12,Yes
SUB-00873,CUS-00732,PLN-02,23-08-2024,,Active,Annual,6,0,76.83,12,Yes
SUB-00874,CUS-00733,PLN-01,25-02-2024,,Active,Monthly,4,0,61,1,Yes
SUB-00875,CUS-00734,PLN-02,22-08-2024,,Active,Annual,5,0,64.83,12,Yes
SUB-00876,CUS-00735,PLN-04,12-09-2025,,Active,Annual,15,0,255.83,12,Yes
SUB-00877,CUS-00736,PLN-01,05-11-2024,31-12-2024,Churned,Monthly,4,20,48.8,1,Yes
SUB-00878,CUS-00737,PLN-03,27-02-2026,,Active,Monthly,11,0,217,1,Yes
SUB-00879,CUS-00738,PLN-06,09-06-2026,,Active,Annual,25,15,353.46,12,Yes
SUB-00880,CUS-00739,PLN-01,23-06-2025,,Active,Monthly,7,20,77.6,1,Yes
SUB-00881,CUS-00740,PLN-04,12-02-2024,,Active,Annual,13,0,219.83,12,Yes
SUB-00882,CUS-00741,PLN-03,16-01-2025,31-05-2026,Churned,Monthly,10,0,199,1,Yes
SUB-00883,CUS-00742,PLN-01,05-09-2024,31-03-2025,Churned,Monthly,4,0,61,1,Yes
SUB-00884,CUS-00743,PLN-03,22-02-2025,,Active,Monthly,16,10,276.3,1,Yes
SUB-00885,CUS-00744,PLN-03,02-05-2024,30-11-2024,Churned,Monthly,10,0,199,1,Yes
SUB-00886,CUS-00745,PLN-04,03-01-2026,,Active,Annual,10,0,165.83,12,Yes
SUB-00887,CUS-00746,PLN-03,27-08-2025,,Active,Monthly,12,0,235,1,Yes
SUB-00888,CUS-00747,PLN-02,17-07-2025,,Active,Annual,5,10,58.35,12,Yes
SUB-00889,CUS-00748,PLN-03,29-01-2026,,Active,Monthly,10,0,199,1,Yes
SUB-00890,CUS-00749,PLN-03,13-06-2026,,Active,Monthly,17,0,325,1,No
SUB-00891,CUS-00750,PLN-03,07-01-2026,31-03-2026,Churned,Monthly,20,10,341.1,1,Yes
SUB-00892,CUS-00751,PLN-05,16-03-2024,,Active,Monthly,27,0,543,1,Yes
SUB-00893,CUS-00752,PLN-03,12-10-2025,30-11-2025,Churned,Monthly,12,0,235,1,Yes
SUB-00894,CUS-00753,PLN-02,13-02-2024,,Active,Annual,8,0,100.83,12,Yes
SUB-00895,CUS-00754,PLN-01,17-11-2025,,Active,Monthly,5,5,69.35,1,Yes
SUB-00896,CUS-00755,PLN-04,16-04-2026,,Active,Annual,14,0,237.83,12,No
SUB-00897,CUS-00756,PLN-05,03-05-2025,,Active,Monthly,41,0,851,1,Yes
SUB-00898,CUS-00757,PLN-06,31-03-2026,,Active,Annual,25,0,415.83,12,Yes
SUB-00899,CUS-00758,PLN-03,18-02-2025,28-02-2025,Churned,Monthly,10,0,199,1,Yes
SUB-00900,CUS-00759,PLN-03,17-11-2025,01-05-2026,Upgraded,Monthly,10,0,199,1,Yes
SUB-00901,CUS-00759,PLN-05,01-05-2026,,Active,Monthly,11,0,499,1,Yes
SUB-00902,CUS-00760,PLN-04,25-04-2025,,Active,Annual,16,0,273.83,12,Yes
SUB-00903,CUS-00761,PLN-05,12-11-2025,,Active,Monthly,38,20,628,1,No
SUB-00904,CUS-00762,PLN-05,13-10-2025,,Active,Monthly,25,0,499,1,No
SUB-00905,CUS-00763,PLN-01,18-04-2026,,Active,Monthly,5,0,73,1,Yes
SUB-00906,CUS-00764,PLN-01,07-02-2025,28-02-2026,Churned,Monthly,5,0,73,1,Yes
SUB-00907,CUS-00765,PLN-08,07-03-2025,,Active,Annual,149,10,2226.75,12,Yes
SUB-00908,CUS-00766,PLN-01,07-08-2025,31-10-2025,Churned,Monthly,4,0,61,1,Yes
SUB-00909,CUS-00767,PLN-01,18-10-2025,01-04-2026,Upgraded,Monthly,6,0,85,1,Yes
SUB-00910,CUS-00767,PLN-03,01-04-2026,,Active,Monthly,6,0,199,1,Yes
SUB-00911,CUS-00768,PLN-03,19-10-2025,,Active,Monthly,11,0,217,1,Yes
SUB-00912,CUS-00769,PLN-04,30-03-2025,,Active,Annual,18,0,309.83,12,Yes
SUB-00913,CUS-00770,PLN-01,06-06-2025,01-11-2025,Upgraded,Monthly,3,0,49,1,Yes
SUB-00914,CUS-00770,PLN-03,01-11-2025,30-11-2025,Churned,Monthly,2,0,199,1,Yes
SUB-00915,CUS-00771,PLN-06,18-09-2025,,Active,Annual,25,0,415.83,12,Yes
SUB-00916,CUS-00772,PLN-01,16-10-2025,,Active,Monthly,5,0,73,1,Yes
SUB-00917,CUS-00773,PLN-03,23-07-2025,,Active,Monthly,13,0,253,1,Yes
SUB-00918,CUS-00774,PLN-03,14-12-2025,,Active,Monthly,12,0,235,1,Yes
SUB-00919,CUS-00775,PLN-03,14-03-2024,01-01-2026,Upgraded,Monthly,13,20,202.4,1,Yes
SUB-00920,CUS-00775,PLN-05,01-01-2026,,Active,Monthly,14,20,399.2,1,Yes
SUB-00921,CUS-00776,PLN-03,08-05-2024,30-06-2024,Churned,Monthly,11,0,217,1,Yes
SUB-00922,CUS-00777,PLN-03,23-09-2024,,Active,Monthly,11,10,195.3,1,Yes
SUB-00923,CUS-00778,PLN-04,02-07-2025,,Active,Annual,14,10,214.05,12,Yes
SUB-00924,CUS-00779,PLN-03,02-06-2026,,Active,Monthly,12,0,235,1,No
SUB-00925,CUS-00780,PLN-03,31-08-2025,01-12-2025,Upgraded,Monthly,14,20,216.8,1,No
SUB-00926,CUS-00780,PLN-05,01-12-2025,,Active,Monthly,15,20,399.2,1,No
SUB-00927,CUS-00781,PLN-03,24-06-2025,,Active,Monthly,17,0,325,1,Yes
SUB-00928,CUS-00782,PLN-05,22-11-2025,01-05-2026,Upgraded,Monthly,43,0,895,1,No
SUB-00929,CUS-00782,PLN-07,01-05-2026,31-05-2026,Churned,Monthly,48,0,1499,1,No
SUB-00930,CUS-00783,PLN-01,07-01-2025,01-06-2026,Upgraded,Monthly,3,0,49,1,Yes
SUB-00931,CUS-00783,PLN-03,01-06-2026,,Active,Monthly,3,0,199,1,Yes
SUB-00932,CUS-00784,PLN-01,19-05-2025,,Active,Monthly,6,0,85,1,Yes
SUB-00933,CUS-00785,PLN-07,23-05-2026,,Active,Monthly,111,5,1685.3,1,Yes
SUB-00934,CUS-00786,PLN-01,28-02-2026,,Active,Monthly,5,5,69.35,1,Yes
SUB-00935,CUS-00787,PLN-03,09-02-2025,,Active,Monthly,10,0,199,1,Yes
SUB-00936,CUS-00788,PLN-01,14-01-2025,31-03-2025,Churned,Monthly,5,0,73,1,No
SUB-00937,CUS-00789,PLN-03,01-10-2025,,Active,Monthly,10,0,199,1,Yes
SUB-00938,CUS-00790,PLN-07,09-03-2025,,Active,Monthly,120,0,1999,1,Yes
SUB-00939,CUS-00791,PLN-03,02-09-2024,30-09-2024,Churned,Monthly,15,0,289,1,No
SUB-00940,CUS-00792,PLN-01,05-12-2025,31-12-2025,Churned,Monthly,3,5,46.55,1,Yes
SUB-00941,CUS-00793,PLN-01,17-06-2026,,Active,Monthly,3,20,39.2,1,Yes
SUB-00942,CUS-00794,PLN-01,20-03-2026,,Active,Monthly,4,0,61,1,No
SUB-00943,CUS-00795,PLN-05,03-06-2026,,Active,Monthly,25,10,449.1,1,Yes
SUB-00944,CUS-00796,PLN-01,21-04-2026,,Active,Monthly,3,0,49,1,Yes
SUB-00945,CUS-00797,PLN-01,07-01-2025,30-11-2025,Churned,Monthly,5,0,73,1,No
SUB-00946,CUS-00798,PLN-06,13-03-2025,,Active,Annual,27,10,413.85,12,Yes
SUB-00947,CUS-00799,PLN-05,17-06-2025,,Active,Monthly,32,0,653,1,Yes
SUB-00948,CUS-00800,PLN-04,02-02-2024,,Active,Annual,13,0,219.83,12,Yes
SUB-00949,CUS-00801,PLN-06,22-05-2025,,Active,Annual,31,20,438.26,12,Yes
SUB-00950,CUS-00802,PLN-03,05-06-2025,30-06-2025,Churned,Monthly,10,0,199,1,Yes
SUB-00951,CUS-00803,PLN-01,05-06-2025,31-07-2025,Churned,Monthly,4,0,61,1,Yes
SUB-00952,CUS-00804,PLN-04,06-01-2026,,Active,Annual,10,0,165.83,12,Yes
SUB-00953,CUS-00805,PLN-04,05-05-2026,,Active,Annual,15,0,255.83,12,Yes
SUB-00954,CUS-00806,PLN-03,02-04-2024,,Active,Monthly,12,0,235,1,Yes
SUB-00955,CUS-00807,PLN-01,08-04-2026,,Active,Monthly,4,0,61,1,Yes
SUB-00956,CUS-00808,PLN-06,01-11-2024,,Active,Annual,34,0,613.83,12,No
SUB-00957,CUS-00809,PLN-03,27-01-2025,28-02-2025,Churned,Monthly,14,0,271,1,Yes
SUB-00958,CUS-00810,PLN-01,27-05-2025,01-06-2026,Upgraded,Monthly,2,0,49,1,Yes
SUB-00959,CUS-00810,PLN-03,01-06-2026,,Active,Monthly,2,0,199,1,Yes
SUB-00960,CUS-00811,PLN-01,02-02-2026,,Active,Monthly,4,0,61,1,Yes
SUB-00961,CUS-00812,PLN-05,10-02-2026,01-06-2026,Downgraded,Monthly,25,0,499,1,Yes
SUB-00962,CUS-00812,PLN-03,01-06-2026,,Active,Monthly,25,0,469,1,Yes
SUB-00963,CUS-00813,PLN-01,16-11-2025,,Active,Monthly,4,0,61,1,Yes
SUB-00964,CUS-00814,PLN-08,26-09-2024,31-08-2025,Churned,Annual,100,5,1186.71,12,Yes
SUB-00965,CUS-00815,PLN-01,14-12-2024,,Active,Monthly,6,10,76.5,1,Yes
SUB-00966,CUS-00816,PLN-01,04-07-2025,01-06-2026,Upgraded,Monthly,6,0,85,1,Yes
SUB-00967,CUS-00816,PLN-03,01-06-2026,,Active,Monthly,6,0,199,1,Yes
SUB-00968,CUS-00817,PLN-03,09-02-2026,,Active,Monthly,10,5,189.05,1,Yes
SUB-00969,CUS-00818,PLN-05,29-05-2025,01-11-2025,Upgraded,Monthly,25,0,499,1,Yes
SUB-00970,CUS-00818,PLN-07,01-11-2025,31-03-2026,Churned,Monthly,31,0,1499,1,Yes
SUB-00971,CUS-00819,PLN-04,21-04-2026,,Active,Annual,10,0,165.83,12,Yes
SUB-00972,CUS-00820,PLN-08,28-06-2026,,Active,Annual,115,10,1461.75,12,Yes
SUB-00973,CUS-00821,PLN-03,18-11-2024,30-06-2025,Churned,Monthly,13,15,215.05,1,Yes
SUB-00974,CUS-00822,PLN-05,28-12-2024,,Active,Monthly,40,15,704.65,1,Yes
SUB-00975,CUS-00823,PLN-05,03-02-2026,,Active,Monthly,29,0,587,1,Yes
SUB-00976,CUS-00824,PLN-04,30-12-2025,,Active,Annual,17,0,291.83,12,No
SUB-00977,CUS-00825,PLN-05,24-06-2025,,Active,Monthly,71,0,1511,1,Yes
SUB-00978,CUS-00826,PLN-03,15-05-2024,31-08-2024,Churned,Monthly,11,0,217,1,Yes
SUB-00979,CUS-00827,PLN-05,06-05-2025,,Active,Monthly,27,5,515.85,1,Yes
SUB-00980,CUS-00828,PLN-05,26-09-2025,01-03-2026,Downgraded,Monthly,31,0,631,1,Yes
SUB-00981,CUS-00828,PLN-03,01-03-2026,,Active,Monthly,27,0,505,1,Yes
SUB-00982,CUS-00829,PLN-03,30-01-2024,30-09-2025,Churned,Monthly,12,0,235,1,Yes
SUB-00983,CUS-00830,PLN-01,26-05-2026,,Active,Monthly,5,0,73,1,Yes
SUB-00984,CUS-00831,PLN-01,19-01-2026,31-03-2026,Churned,Monthly,2,5,46.55,1,Yes
SUB-00985,CUS-00832,PLN-06,11-06-2025,,Active,Annual,27,0,459.83,12,Yes
SUB-00986,CUS-00833,PLN-05,27-05-2025,30-09-2025,Churned,Monthly,25,0,499,1,Yes
SUB-00987,CUS-00833,PLN-05,05-12-2025,,Active,Monthly,26,10,468.9,1,Yes
SUB-00988,CUS-00834,PLN-03,19-06-2025,01-02-2026,Downgraded,Monthly,12,0,235,1,Yes
SUB-00989,CUS-00834,PLN-01,01-02-2026,,Active,Monthly,9,0,121,1,Yes
SUB-00990,CUS-00835,PLN-01,14-03-2024,30-06-2024,Churned,Monthly,3,0,49,1,Yes
SUB-00991,CUS-00836,PLN-02,18-07-2025,,Active,Annual,4,0,52.83,12,Yes
SUB-00992,CUS-00837,PLN-08,13-10-2024,,Active,Annual,193,5,3395.46,12,Yes
SUB-00993,CUS-00838,PLN-05,24-06-2026,,Active,Monthly,25,0,499,1,Yes
SUB-00994,CUS-00839,PLN-03,04-07-2025,,Active,Monthly,19,10,324.9,1,Yes
SUB-00995,CUS-00840,PLN-03,29-01-2026,,Active,Monthly,12,0,235,1,Yes
SUB-00996,CUS-00841,PLN-01,25-12-2025,,Active,Monthly,7,0,97,1,Yes
SUB-00997,CUS-00842,PLN-06,09-06-2025,,Active,Annual,26,0,437.83,12,Yes
SUB-00998,CUS-00843,PLN-05,11-08-2024,31-01-2025,Churned,Monthly,25,0,499,1,Yes
SUB-00999,CUS-00844,PLN-04,06-02-2026,,Active,Annual,12,0,201.83,12,Yes
SUB-01000,CUS-00845,PLN-02,30-12-2024,,Active,Annual,3,0,40.83,12,Yes
SUB-01001,CUS-00846,PLN-01,17-12-2024,01-02-2025,Upgraded,Monthly,3,0,49,1,Yes
SUB-01002,CUS-00846,PLN-03,01-02-2025,,Active,Monthly,5,0,199,1,Yes
SUB-01003,CUS-00847,PLN-01,27-07-2024,,Active,Monthly,5,15,62.05,1,Yes
SUB-01004,CUS-00848,PLN-02,11-06-2026,,Active,Annual,5,0,64.83,12,No
SUB-01005,CUS-00849,PLN-07,27-02-2026,,Active,Monthly,100,0,1499,1,Yes
SUB-01006,CUS-00850,PLN-06,22-10-2025,,Active,Annual,29,0,503.83,12,No
SUB-01007,CUS-00851,PLN-01,09-04-2025,31-10-2025,Churned,Monthly,3,0,49,1,No
SUB-01008,CUS-00852,PLN-01,12-09-2024,30-09-2024,Churned,Monthly,3,0,49,1,Yes
SUB-01009,CUS-00853,PLN-03,25-02-2026,,Active,Monthly,17,0,325,1,Yes
SUB-01010,CUS-00854,PLN-03,23-02-2025,01-02-2026,Downgraded,Monthly,12,0,235,1,Yes
SUB-01011,CUS-00854,PLN-01,01-02-2026,,Active,Monthly,12,0,157,1,Yes
SUB-01012,CUS-00855,PLN-06,10-08-2025,,Active,Annual,25,15,353.46,12,Yes
SUB-01013,CUS-00856,PLN-05,04-03-2025,31-03-2025,Churned,Monthly,25,10,449.1,1,Yes
SUB-01014,CUS-00857,PLN-05,16-06-2025,,Active,Monthly,27,0,543,1,Yes
SUB-01015,CUS-00858,PLN-04,18-02-2024,,Active,Annual,27,10,424.65,12,Yes
SUB-01016,CUS-00859,PLN-06,17-06-2026,,Active,Annual,25,0,415.83,12,Yes
SUB-01017,CUS-00860,PLN-05,08-02-2026,,Active,Monthly,25,5,474.05,1,Yes
SUB-01018,CUS-00861,PLN-03,10-02-2025,28-02-2025,Churned,Monthly,10,0,199,1,Yes
SUB-01019,CUS-00862,PLN-05,30-12-2025,31-12-2025,Churned,Monthly,25,0,499,1,Yes
SUB-01020,CUS-00863,PLN-01,10-08-2025,,Active,Monthly,2,0,49,1,Yes
SUB-01021,CUS-00864,PLN-01,24-12-2024,,Active,Monthly,2,0,49,1,Yes
SUB-01022,CUS-00865,PLN-06,25-07-2025,,Active,Annual,25,10,374.25,12,Yes
SUB-01023,CUS-00866,PLN-01,03-10-2025,31-12-2025,Churned,Monthly,4,0,61,1,Yes
SUB-01024,CUS-00867,PLN-01,10-08-2024,,Active,Monthly,4,5,57.95,1,Yes
SUB-01025,CUS-00868,PLN-06,24-06-2026,,Active,Annual,25,10,374.25,12,Yes
SUB-01026,CUS-00869,PLN-01,25-08-2025,01-06-2026,Upgraded,Monthly,4,10,54.9,1,Yes
SUB-01027,CUS-00869,PLN-03,01-06-2026,,Active,Monthly,5,10,179.1,1,Yes
SUB-01028,CUS-00870,PLN-04,14-05-2024,30-04-2026,Churned,Annual,10,5,157.54,12,Yes
SUB-01029,CUS-00871,PLN-01,16-12-2024,31-03-2026,Churned,Monthly,3,0,49,1,Yes
SUB-01030,CUS-00872,PLN-06,24-04-2025,,Active,Annual,25,0,415.83,12,Yes
SUB-01031,CUS-00873,PLN-03,05-10-2024,,Active,Monthly,10,5,189.05,1,Yes
SUB-01032,CUS-00874,PLN-07,20-09-2024,,Active,Monthly,171,10,2946.6,1,No
SUB-01033,CUS-00875,PLN-05,18-12-2024,,Active,Monthly,42,20,698.4,1,Yes
SUB-01034,CUS-00876,PLN-04,20-02-2026,,Active,Annual,10,15,140.96,12,Yes
SUB-01035,CUS-00877,PLN-03,16-06-2026,,Active,Monthly,14,0,271,1,Yes
SUB-01036,CUS-00878,PLN-02,19-06-2025,,Active,Annual,7,0,88.83,12,Yes
SUB-01037,CUS-00879,PLN-05,23-04-2026,,Active,Monthly,25,5,474.05,1,Yes
SUB-01038,CUS-00880,PLN-01,06-02-2026,,Active,Monthly,4,20,48.8,1,Yes
SUB-01039,CUS-00881,PLN-03,05-11-2024,,Active,Monthly,13,0,253,1,Yes
SUB-01040,CUS-00882,PLN-02,07-04-2025,,Active,Annual,2,0,40.83,12,Yes
SUB-01041,CUS-00883,PLN-06,18-02-2026,,Active,Annual,27,10,413.85,12,Yes
SUB-01042,CUS-00884,PLN-06,14-01-2025,,Active,Annual,29,20,403.06,12,Yes
SUB-01043,CUS-00885,PLN-05,15-05-2025,,Active,Monthly,52,0,1093,1,Yes
SUB-01044,CUS-00886,PLN-02,03-10-2025,,Active,Annual,4,0,52.83,12,Yes
SUB-01045,CUS-00887,PLN-04,28-06-2025,,Active,Annual,25,0,435.83,12,Yes
SUB-01046,CUS-00888,PLN-03,21-05-2025,30-04-2026,Churned,Monthly,7,0,199,1,Yes
SUB-01047,CUS-00889,PLN-07,29-12-2025,,Active,Monthly,120,0,1999,1,Yes
SUB-01048,CUS-00890,PLN-02,08-08-2025,,Active,Annual,5,5,61.59,12,Yes
SUB-01049,CUS-00891,PLN-01,19-09-2025,01-12-2025,Upgraded,Monthly,2,5,46.55,1,Yes
SUB-01050,CUS-00891,PLN-03,01-12-2025,,Active,Monthly,2,5,189.05,1,Yes
SUB-01051,CUS-00892,PLN-03,01-10-2025,31-10-2025,Churned,Monthly,10,5,189.05,1,Yes
SUB-01052,CUS-00893,PLN-01,28-10-2025,,Active,Monthly,3,5,46.55,1,Yes
SUB-01053,CUS-00894,PLN-05,09-02-2025,31-03-2026,Churned,Monthly,40,0,829,1,Yes
SUB-01054,CUS-00895,PLN-06,06-01-2026,,Active,Annual,29,0,503.83,12,Yes
SUB-01055,CUS-00896,PLN-02,28-06-2025,,Active,Annual,3,10,36.75,12,Yes
SUB-01056,CUS-00897,PLN-04,22-03-2025,,Active,Annual,19,0,327.83,12,Yes
SUB-01057,CUS-00898,PLN-04,07-07-2025,,Active,Annual,12,5,191.74,12,Yes
SUB-01058,CUS-00899,PLN-03,12-02-2025,,Active,Monthly,12,10,211.5,1,Yes
SUB-01059,CUS-00900,PLN-03,20-09-2024,01-11-2024,Upgraded,Monthly,10,0,199,1,Yes
SUB-01060,CUS-00900,PLN-05,01-11-2024,01-11-2025,Downgraded,Monthly,10,0,499,1,Yes
SUB-01061,CUS-00900,PLN-03,01-11-2025,,Active,Monthly,8,0,199,1,Yes
SUB-01062,CUS-00901,PLN-02,20-06-2026,,Active,Annual,4,15,44.91,12,Yes
SUB-01063,CUS-00902,PLN-03,21-12-2025,,Active,Monthly,17,0,325,1,Yes
SUB-01064,CUS-00903,PLN-03,17-04-2025,30-04-2025,Churned,Monthly,16,0,307,1,No
SUB-01065,CUS-00904,PLN-01,24-10-2025,,Active,Monthly,4,10,54.9,1,Yes
SUB-01066,CUS-00905,PLN-01,02-09-2025,,Active,Monthly,3,0,49,1,Yes
SUB-01067,CUS-00906,PLN-06,30-03-2025,,Active,Annual,25,0,415.83,12,Yes
SUB-01068,CUS-00907,PLN-06,23-10-2025,,Active,Annual,40,15,633.96,12,No
SUB-01069,CUS-00908,PLN-06,13-03-2026,,Active,Annual,35,10,572.25,12,Yes
SUB-01070,CUS-00909,PLN-06,13-02-2024,,Active,Annual,36,0,657.83,12,Yes
SUB-01071,CUS-00910,PLN-04,14-02-2026,,Active,Annual,10,0,165.83,12,No
SUB-01072,CUS-00911,PLN-06,10-09-2025,,Active,Annual,25,0,415.83,12,Yes
SUB-01073,CUS-00912,PLN-06,16-05-2026,,Active,Annual,25,0,415.83,12,Yes
SUB-01074,CUS-00913,PLN-04,18-03-2026,,Active,Annual,17,0,291.83,12,No
SUB-01075,CUS-00914,PLN-02,07-06-2024,31-05-2025,Churned,Annual,5,0,64.83,12,Yes
SUB-01076,CUS-00915,PLN-03,29-08-2025,,Active,Monthly,10,0,199,1,No
SUB-01077,CUS-00916,PLN-03,22-04-2025,,Active,Monthly,31,5,548.15,1,Yes
SUB-01078,CUS-00917,PLN-03,14-05-2026,,Active,Monthly,11,0,217,1,Yes
SUB-01079,CUS-00918,PLN-03,07-09-2025,31-10-2025,Churned,Monthly,10,0,199,1,No
SUB-01080,CUS-00919,PLN-01,21-05-2024,31-10-2025,Churned,Monthly,4,0,61,1,Yes
SUB-01081,CUS-00920,PLN-05,01-01-2025,,Active,Monthly,39,5,766.65,1,Yes
SUB-01082,CUS-00921,PLN-03,14-10-2025,30-11-2025,Churned,Monthly,11,0,217,1,Yes
SUB-01083,CUS-00922,PLN-04,28-03-2026,,Active,Annual,17,0,291.83,12,Yes
SUB-01084,CUS-00923,PLN-06,05-06-2025,,Active,Annual,33,10,532.65,12,Yes
SUB-01085,CUS-00924,PLN-03,21-01-2025,,Active,Monthly,16,0,307,1,Yes
SUB-01086,CUS-00925,PLN-06,01-11-2024,,Active,Annual,25,0,415.83,12,Yes
SUB-01087,CUS-00926,PLN-06,12-01-2026,,Active,Annual,38,0,701.83,12,Yes
SUB-01088,CUS-00927,PLN-01,18-04-2026,01-05-2026,Upgraded,Monthly,5,0,73,1,Yes
SUB-01089,CUS-00927,PLN-03,01-05-2026,01-06-2026,Downgraded,Monthly,5,0,199,1,Yes
SUB-01090,CUS-00927,PLN-01,01-06-2026,,Active,Monthly,4,0,61,1,Yes
SUB-01091,CUS-00928,PLN-01,11-02-2025,31-03-2025,Churned,Monthly,5,0,73,1,No
SUB-01092,CUS-00929,PLN-01,24-04-2024,,Active,Monthly,2,0,49,1,Yes
SUB-01093,CUS-00930,PLN-06,22-12-2025,,Active,Annual,30,0,525.83,12,Yes
SUB-01094,CUS-00931,PLN-02,29-08-2025,,Active,Annual,4,0,52.83,12,Yes
SUB-01095,CUS-00932,PLN-02,21-06-2025,,Active,Annual,6,0,76.83,12,Yes
SUB-01096,CUS-00933,PLN-01,24-05-2024,31-01-2025,Churned,Monthly,4,0,61,1,Yes
SUB-01097,CUS-00934,PLN-03,25-06-2026,,Active,Monthly,10,0,199,1,Yes
SUB-01098,CUS-00935,PLN-01,22-03-2026,,Active,Monthly,3,0,49,1,Yes
SUB-01099,CUS-00936,PLN-03,09-11-2024,01-09-2025,Downgraded,Monthly,12,10,211.5,1,Yes
SUB-01100,CUS-00936,PLN-01,01-09-2025,,Active,Monthly,11,10,130.5,1,Yes
SUB-01101,CUS-00937,PLN-08,07-04-2025,,Active,Annual,195,0,3624.17,12,Yes
SUB-01102,CUS-00938,PLN-03,14-11-2025,,Active,Monthly,10,5,189.05,1,Yes
SUB-01103,CUS-00939,PLN-01,11-04-2024,,Active,Monthly,9,15,102.85,1,Yes
SUB-01104,CUS-00940,PLN-01,06-11-2024,,Active,Monthly,4,0,61,1,Yes
SUB-01105,CUS-00941,PLN-02,01-06-2026,,Active,Annual,5,0,64.83,12,Yes
SUB-01106,CUS-00942,PLN-04,22-06-2024,31-05-2025,Churned,Annual,10,0,165.83,12,Yes
SUB-01107,CUS-00943,PLN-07,11-02-2025,,Active,Monthly,120,0,1999,1,Yes
SUB-01108,CUS-00944,PLN-01,01-11-2025,,Active,Monthly,3,0,49,1,Yes
SUB-01109,CUS-00945,PLN-03,04-07-2025,31-07-2025,Churned,Monthly,13,5,240.35,1,No
SUB-01110,CUS-00946,PLN-05,26-12-2025,,Active,Monthly,25,10,449.1,1,Yes
SUB-01111,CUS-00947,PLN-04,07-04-2026,,Active,Annual,15,0,255.83,12,Yes
SUB-01112,CUS-00948,PLN-03,16-01-2026,,Active,Monthly,12,0,235,1,Yes
SUB-01113,CUS-00949,PLN-01,02-07-2024,31-08-2024,Churned,Monthly,4,15,51.85,1,Yes
SUB-01114,CUS-00950,PLN-03,29-10-2025,,Active,Monthly,10,10,179.1,1,Yes
SUB-01115,CUS-00951,PLN-04,04-06-2026,,Active,Annual,13,0,219.83,12,Yes
SUB-01116,CUS-00952,PLN-05,29-04-2024,,Active,Monthly,48,15,854.25,1,Yes
SUB-01117,CUS-00953,PLN-01,26-01-2026,,Active,Monthly,3,0,49,1,Yes
SUB-01118,CUS-00954,PLN-05,03-06-2026,,Active,Monthly,35,0,719,1,Yes
SUB-01119,CUS-00955,PLN-04,25-12-2025,,Active,Annual,11,0,183.83,12,Yes
SUB-01120,CUS-00956,PLN-03,06-03-2026,,Active,Monthly,10,0,199,1,Yes
SUB-01121,CUS-00957,PLN-05,17-05-2026,,Active,Monthly,31,5,599.45,1,Yes
SUB-01122,CUS-00958,PLN-04,23-12-2025,,Active,Annual,12,10,181.65,12,Yes
SUB-01123,CUS-00959,PLN-02,03-08-2025,,Active,Annual,3,0,40.83,12,Yes
SUB-01124,CUS-00960,PLN-03,30-03-2026,,Active,Monthly,14,0,271,1,No
SUB-01125,CUS-00961,PLN-03,27-08-2025,31-08-2025,Churned,Monthly,12,0,235,1,Yes
SUB-01126,CUS-00962,PLN-05,21-05-2025,,Active,Monthly,29,10,528.3,1,Yes
SUB-01127,CUS-00963,PLN-03,28-04-2024,30-04-2024,Churned,Monthly,11,5,206.15,1,Yes
SUB-01128,CUS-00964,PLN-05,21-04-2026,,Active,Monthly,25,0,499,1,Yes
SUB-01129,CUS-00965,PLN-06,12-11-2025,,Active,Annual,25,0,415.83,12,Yes
SUB-01130,CUS-00966,PLN-03,11-10-2025,,Active,Monthly,13,0,253,1,No
SUB-01131,CUS-00967,PLN-04,22-09-2025,,Active,Annual,14,0,237.83,12,Yes
SUB-01132,CUS-00968,PLN-03,01-09-2025,01-01-2026,Upgraded,Monthly,16,0,307,1,Yes
SUB-01133,CUS-00968,PLN-05,01-01-2026,,Active,Monthly,17,0,499,1,Yes
SUB-01134,CUS-00969,PLN-08,22-01-2025,,Active,Annual,155,15,2230.54,12,Yes
SUB-01135,CUS-00970,PLN-03,26-08-2024,31-03-2026,Churned,Monthly,21,0,397,1,Yes
SUB-01136,CUS-00971,PLN-05,19-06-2024,31-05-2025,Churned,Monthly,34,0,697,1,Yes
SUB-01137,CUS-00972,PLN-04,23-02-2026,,Active,Annual,16,0,273.83,12,Yes
SUB-01138,CUS-00973,PLN-05,23-05-2025,,Active,Monthly,35,5,683.05,1,Yes
SUB-01139,CUS-00974,PLN-03,05-04-2026,,Active,Monthly,10,0,199,1,No
SUB-01140,CUS-00975,PLN-04,04-11-2024,,Active,Annual,9,0,165.83,12,Yes
SUB-01141,CUS-00976,PLN-06,21-07-2024,,Active,Annual,46,0,877.83,12,Yes
SUB-01142,CUS-00977,PLN-01,23-05-2026,,Active,Monthly,3,0,49,1,Yes
SUB-01143,CUS-00978,PLN-02,30-05-2025,30-04-2026,Churned,Annual,5,0,64.83,12,Yes
SUB-01144,CUS-00979,PLN-04,16-04-2026,,Active,Annual,16,0,273.83,12,Yes
SUB-01145,CUS-00980,PLN-06,16-03-2025,,Active,Annual,60,0,1185.83,12,Yes
SUB-01146,CUS-00981,PLN-01,22-01-2024,,Active,Monthly,2,0,49,1,Yes
SUB-01147,CUS-00982,PLN-04,04-01-2026,,Active,Annual,13,10,197.85,12,Yes
SUB-01148,CUS-00983,PLN-01,07-04-2026,,Active,Monthly,4,5,57.95,1,Yes
SUB-01149,CUS-00984,PLN-04,29-09-2024,,Active,Annual,15,10,230.25,12,Yes
SUB-01150,CUS-00985,PLN-01,13-09-2024,30-09-2024,Churned,Monthly,3,15,41.65,1,No
SUB-01151,CUS-00986,PLN-06,23-03-2024,,Active,Annual,40,20,596.66,12,Yes
SUB-01152,CUS-00987,PLN-01,09-03-2025,31-05-2025,Churned,Monthly,5,5,69.35,1,Yes
SUB-01153,CUS-00988,PLN-05,11-10-2024,28-02-2025,Churned,Monthly,40,0,829,1,Yes
SUB-01154,CUS-00989,PLN-06,03-07-2025,,Active,Annual,25,0,415.83,12,Yes
SUB-01155,CUS-00990,PLN-04,28-04-2025,,Active,Annual,14,0,237.83,12,Yes
SUB-01156,CUS-00991,PLN-04,12-07-2024,,Active,Annual,26,0,453.83,12,Yes
SUB-01157,CUS-00992,PLN-01,12-08-2025,30-09-2025,Churned,Monthly,4,5,57.95,1,No
SUB-01158,CUS-00993,PLN-03,17-10-2024,31-07-2025,Churned,Monthly,10,0,199,1,Yes
SUB-01159,CUS-00994,PLN-04,04-10-2025,,Active,Annual,10,0,165.83,12,Yes
SUB-01160,CUS-00995,PLN-03,24-08-2025,,Active,Monthly,10,0,199,1,Yes
SUB-01161,CUS-00996,PLN-06,23-05-2026,,Active,Annual,25,5,395.04,12,Yes
SUB-01162,CUS-00997,PLN-01,03-04-2025,30-04-2025,Churned,Monthly,3,0,49,1,Yes
SUB-01163,CUS-00998,PLN-03,24-12-2025,31-01-2026,Churned,Monthly,13,0,253,1,Yes
SUB-01164,CUS-00999,PLN-02,15-01-2025,,Active,Annual,6,10,69.15,12,Yes
SUB-01165,CUS-01000,PLN-03,28-03-2025,,Active,Monthly,12,10,211.5,1,Yes
SUB-01166,CUS-01001,PLN-03,12-01-2026,31-05-2026,Churned,Monthly,10,5,189.05,1,Yes
SUB-01167,CUS-01002,PLN-08,16-04-2025,,Active,Annual,143,0,2324.17,12,Yes
SUB-01168,CUS-01003,PLN-07,17-02-2026,,Active,Monthly,169,15,2740.4,1,Yes
SUB-01169,CUS-01004,PLN-06,21-03-2025,,Active,Annual,50,0,965.83,12,No
SUB-01170,CUS-01005,PLN-03,24-02-2025,01-01-2026,Upgraded,Monthly,10,0,199,1,Yes
SUB-01171,CUS-01005,PLN-05,01-01-2026,,Active,Monthly,13,0,499,1,Yes
SUB-01172,CUS-01006,PLN-08,16-06-2026,,Active,Annual,117,0,1674.17,12,Yes
SUB-01173,CUS-01007,PLN-03,27-08-2025,,Active,Monthly,16,0,307,1,Yes
SUB-01174,CUS-01008,PLN-04,30-08-2025,,Active,Annual,11,0,183.83,12,Yes
SUB-01175,CUS-01009,PLN-01,22-08-2025,,Active,Monthly,4,0,61,1,Yes
SUB-01176,CUS-01010,PLN-06,03-04-2025,,Active,Annual,43,0,811.83,12,Yes
SUB-01177,CUS-01011,PLN-04,22-09-2025,,Active,Annual,11,10,165.45,12,Yes
SUB-01178,CUS-01012,PLN-03,05-05-2025,,Active,Monthly,23,10,389.7,1,Yes
SUB-01179,CUS-01013,PLN-01,20-08-2025,31-03-2026,Churned,Monthly,3,0,49,1,Yes
SUB-01180,CUS-01014,PLN-04,23-04-2025,,Active,Annual,11,5,174.64,12,Yes
SUB-01181,CUS-01015,PLN-06,13-08-2024,,Active,Annual,25,0,415.83,12,Yes
SUB-01182,CUS-01016,PLN-03,28-10-2025,31-10-2025,Churned,Monthly,15,0,289,1,Yes
SUB-01183,CUS-01017,PLN-04,07-04-2026,,Active,Annual,10,5,157.54,12,No
SUB-01184,CUS-01018,PLN-04,07-08-2025,,Active,Annual,10,10,149.25,12,Yes
SUB-01185,CUS-01019,PLN-01,13-01-2025,01-02-2026,Upgraded,Monthly,2,15,41.65,1,Yes
SUB-01186,CUS-01019,PLN-03,01-02-2026,,Active,Monthly,3,15,169.15,1,Yes
SUB-01187,CUS-01020,PLN-04,18-05-2024,,Active,Annual,9,0,165.83,12,Yes
SUB-01188,CUS-01021,PLN-03,17-02-2026,,Active,Monthly,10,10,179.1,1,Yes
SUB-01189,CUS-01022,PLN-01,11-12-2024,,Active,Monthly,3,0,49,1,Yes
SUB-01190,CUS-01023,PLN-06,07-05-2026,,Active,Annual,27,10,413.85,12,Yes
SUB-01191,CUS-01024,PLN-02,01-11-2024,,Active,Annual,2,0,40.83,12,Yes
SUB-01192,CUS-01025,PLN-03,18-10-2024,,Active,Monthly,10,0,199,1,Yes
SUB-01193,CUS-01026,PLN-01,08-08-2025,31-10-2025,Churned,Monthly,5,0,73,1,Yes
SUB-01194,CUS-01027,PLN-03,26-06-2026,,Active,Monthly,15,0,289,1,Yes
SUB-01195,CUS-01028,PLN-03,02-11-2024,01-04-2026,Upgraded,Monthly,10,0,199,1,Yes
SUB-01196,CUS-01028,PLN-05,01-04-2026,,Active,Monthly,12,0,499,1,Yes
SUB-01197,CUS-01029,PLN-03,07-11-2024,31-12-2024,Churned,Monthly,10,0,199,1,Yes
SUB-01198,CUS-01030,PLN-01,11-06-2026,,Active,Monthly,4,5,57.95,1,Yes
SUB-01199,CUS-01031,PLN-01,12-05-2025,01-06-2025,Upgraded,Monthly,3,0,49,1,Yes
SUB-01200,CUS-01031,PLN-03,01-06-2025,31-03-2026,Churned,Monthly,6,0,199,1,Yes
SUB-01201,CUS-01032,PLN-03,16-12-2024,31-01-2025,Churned,Monthly,10,0,199,1,Yes
SUB-01202,CUS-01033,PLN-05,22-07-2024,31-08-2024,Churned,Monthly,41,20,680.8,1,No
SUB-01203,CUS-01034,PLN-04,26-02-2026,,Active,Annual,14,0,237.83,12,Yes
SUB-01204,CUS-01035,PLN-03,03-11-2025,30-11-2025,Churned,Monthly,16,0,307,1,Yes
SUB-01205,CUS-01036,PLN-06,08-02-2025,31-01-2026,Churned,Annual,33,0,591.83,12,Yes
SUB-01206,CUS-01037,PLN-01,18-01-2026,,Active,Monthly,4,5,57.95,1,Yes
SUB-01207,CUS-01038,PLN-01,06-04-2024,31-05-2024,Churned,Monthly,3,0,49,1,Yes
SUB-01208,CUS-01038,PLN-01,28-01-2025,31-03-2025,Churned,Monthly,3,10,44.1,1,Yes
SUB-01209,CUS-01039,PLN-05,15-04-2024,01-10-2025,Upgraded,Monthly,25,15,424.15,1,Yes
SUB-01210,CUS-01039,PLN-07,01-10-2025,,Active,Monthly,34,15,1274.15,1,Yes
SUB-01211,CUS-01040,PLN-03,01-01-2026,31-05-2026,Churned,Monthly,12,0,235,1,Yes
SUB-01212,CUS-01041,PLN-05,06-06-2026,,Active,Monthly,42,0,873,1,Yes
SUB-01213,CUS-01042,PLN-03,19-12-2024,01-04-2025,Upgraded,Monthly,16,0,307,1,Yes
SUB-01214,CUS-01042,PLN-05,01-04-2025,31-05-2026,Churned,Monthly,22,0,499,1,Yes
SUB-01215,CUS-01043,PLN-01,27-12-2025,,Active,Monthly,5,15,62.05,1,Yes
SUB-01216,CUS-01044,PLN-06,09-03-2026,,Active,Annual,25,0,415.83,12,Yes
SUB-01217,CUS-01045,PLN-01,11-06-2025,31-12-2025,Churned,Monthly,5,15,62.05,1,Yes
SUB-01218,CUS-01046,PLN-06,07-11-2024,,Active,Annual,25,15,353.46,12,Yes
SUB-01219,CUS-01047,PLN-08,05-04-2026,,Active,Annual,137,0,2174.17,12,Yes
SUB-01220,CUS-01048,PLN-06,25-10-2024,,Active,Annual,40,0,745.83,12,Yes
SUB-01221,CUS-01049,PLN-03,31-07-2025,,Active,Monthly,10,0,199,1,Yes
SUB-01222,CUS-01050,PLN-06,05-11-2024,,Active,Annual,27,0,459.83,12,No
SUB-01223,CUS-01051,PLN-06,21-05-2024,,Active,Annual,60,0,1185.83,12,Yes
SUB-01224,CUS-01052,PLN-02,07-02-2026,,Active,Annual,5,0,64.83,12,No
SUB-01225,CUS-01053,PLN-06,13-10-2025,,Active,Annual,38,0,701.83,12,Yes
SUB-01226,CUS-01054,PLN-04,21-06-2024,31-05-2025,Churned,Annual,14,0,237.83,12,Yes
SUB-01227,CUS-01055,PLN-08,19-04-2024,,Active,Annual,160,5,2611.71,12,No
SUB-01228,CUS-01056,PLN-01,18-09-2025,31-05-2026,Churned,Monthly,2,15,41.65,1,Yes
SUB-01229,CUS-01057,PLN-06,09-10-2025,,Active,Annual,27,0,459.83,12,Yes
SUB-01230,CUS-01058,PLN-01,11-05-2025,,Active,Monthly,4,0,61,1,Yes
SUB-01231,CUS-01059,PLN-03,10-04-2026,,Active,Monthly,10,0,199,1,No
SUB-01232,CUS-01060,PLN-06,08-05-2025,,Active,Annual,36,0,657.83,12,Yes
SUB-01233,CUS-01061,PLN-03,24-08-2025,31-01-2026,Churned,Monthly,10,0,199,1,Yes
SUB-01234,CUS-01062,PLN-04,10-03-2025,,Active,Annual,12,10,181.65,12,Yes
SUB-01235,CUS-01063,PLN-01,16-08-2024,31-08-2024,Churned,Monthly,4,10,54.9,1,Yes
SUB-01236,CUS-01064,PLN-04,15-05-2025,,Active,Annual,11,0,183.83,12,Yes
SUB-01237,CUS-01065,PLN-03,04-06-2024,31-07-2024,Churned,Monthly,10,0,199,1,Yes
SUB-01238,CUS-01066,PLN-05,01-03-2025,01-08-2025,Upgraded,Monthly,33,0,675,1,Yes
SUB-01239,CUS-01066,PLN-07,01-08-2025,28-02-2026,Churned,Monthly,45,0,1499,1,Yes
SUB-01240,CUS-01067,PLN-03,03-11-2024,31-01-2026,Churned,Monthly,10,0,199,1,Yes
SUB-01241,CUS-01068,PLN-03,30-05-2024,31-08-2025,Churned,Monthly,20,0,379,1,Yes
SUB-01242,CUS-01069,PLN-01,01-08-2025,,Active,Monthly,3,15,41.65,1,Yes
SUB-01243,CUS-01070,PLN-01,30-06-2026,,Active,Monthly,3,10,44.1,1,Yes
SUB-01244,CUS-01071,PLN-01,19-06-2024,,Active,Monthly,5,0,73,1,Yes
SUB-01245,CUS-01072,PLN-01,25-08-2025,,Active,Monthly,4,0,61,1,Yes
SUB-01246,CUS-01073,PLN-06,12-08-2025,,Active,Annual,40,0,745.83,12,Yes
SUB-01247,CUS-01074,PLN-01,08-05-2024,30-09-2024,Churned,Monthly,4,0,61,1,Yes
SUB-01248,CUS-01075,PLN-03,14-01-2025,31-12-2025,Churned,Monthly,11,0,217,1,Yes
SUB-01249,CUS-01076,PLN-04,03-03-2025,,Active,Annual,19,0,327.83,12,Yes
SUB-01250,CUS-01077,PLN-03,04-07-2025,,Active,Monthly,11,15,184.45,1,Yes
SUB-01251,CUS-01078,PLN-05,09-12-2024,,Active,Monthly,26,5,494.95,1,Yes
SUB-01252,CUS-01079,PLN-02,10-01-2025,,Active,Annual,5,0,64.83,12,Yes
SUB-01253,CUS-01080,PLN-06,22-02-2025,31-01-2026,Churned,Annual,25,0,415.83,12,Yes
SUB-01254,CUS-01081,PLN-05,30-11-2025,,Active,Monthly,26,0,521,1,Yes
SUB-01255,CUS-01082,PLN-04,02-09-2025,,Active,Annual,15,0,255.83,12,Yes
SUB-01256,CUS-01083,PLN-01,09-11-2024,30-11-2025,Churned,Monthly,4,0,61,1,Yes
SUB-01257,CUS-01084,PLN-05,17-05-2025,,Active,Monthly,28,0,565,1,Yes
SUB-01258,CUS-01085,PLN-04,05-05-2025,,Active,Annual,20,0,345.83,12,Yes
SUB-01259,CUS-01086,PLN-05,01-10-2024,01-03-2025,Downgraded,Monthly,31,0,631,1,Yes
SUB-01260,CUS-01086,PLN-03,01-03-2025,31-08-2025,Churned,Monthly,27,0,505,1,Yes
SUB-01261,CUS-01087,PLN-08,10-11-2025,,Active,Annual,100,0,1249.17,12,Yes
SUB-01262,CUS-01088,PLN-06,27-11-2024,,Active,Annual,25,0,415.83,12,Yes
SUB-01263,CUS-01089,PLN-04,22-09-2025,,Active,Annual,17,10,262.65,12,Yes
SUB-01264,CUS-01090,PLN-06,07-11-2024,,Active,Annual,25,0,415.83,12,Yes
SUB-01265,CUS-01091,PLN-02,04-02-2026,,Active,Annual,3,0,40.83,12,Yes
SUB-01266,CUS-01092,PLN-03,14-02-2026,,Active,Monthly,10,0,199,1,Yes
SUB-01267,CUS-01093,PLN-03,12-04-2025,31-05-2025,Churned,Monthly,11,0,217,1,Yes
SUB-01268,CUS-01094,PLN-06,15-12-2025,,Active,Annual,26,5,415.94,12,Yes
SUB-01269,CUS-01095,PLN-01,11-05-2024,01-06-2024,Upgraded,Monthly,5,0,73,1,Yes
SUB-01270,CUS-01095,PLN-03,01-06-2024,,Active,Monthly,6,0,199,1,Yes
SUB-01271,CUS-01096,PLN-06,19-12-2025,,Active,Annual,25,5,395.04,12,Yes
SUB-01272,CUS-01097,PLN-03,06-11-2024,01-03-2026,Downgraded,Monthly,10,5,189.05,1,Yes
SUB-01273,CUS-01097,PLN-01,01-03-2026,,Active,Monthly,10,5,126.35,1,Yes
SUB-01274,CUS-01098,PLN-01,05-06-2024,,Active,Monthly,5,5,69.35,1,Yes
SUB-01275,CUS-01099,PLN-04,15-09-2025,,Active,Annual,10,0,165.83,12,Yes
SUB-01276,CUS-01100,PLN-05,20-09-2024,31-10-2024,Churned,Monthly,28,0,565,1,Yes
SUB-01277,CUS-01101,PLN-06,22-12-2025,,Active,Annual,25,0,415.83,12,Yes
SUB-01278,CUS-01102,PLN-07,07-01-2025,,Active,Monthly,146,0,2649,1,No
SUB-01279,CUS-01103,PLN-06,22-04-2025,,Active,Annual,25,0,415.83,12,Yes
SUB-01280,CUS-01104,PLN-01,27-12-2025,,Active,Monthly,3,0,49,1,Yes
SUB-01281,CUS-01105,PLN-06,05-11-2025,,Active,Annual,40,0,745.83,12,Yes
SUB-01282,CUS-01106,PLN-03,10-06-2025,30-09-2025,Churned,Monthly,10,0,199,1,Yes
SUB-01283,CUS-01107,PLN-03,30-03-2026,,Active,Monthly,10,0,199,1,Yes
SUB-01284,CUS-01108,PLN-04,27-09-2024,,Active,Annual,16,0,273.83,12,Yes
SUB-01285,CUS-01109,PLN-05,03-11-2024,,Active,Monthly,59,0,1247,1,No
SUB-01286,CUS-01110,PLN-01,25-06-2025,,Active,Monthly,8,0,109,1,Yes
SUB-01287,CUS-01111,PLN-01,22-06-2025,,Active,Monthly,4,0,61,1,Yes
SUB-01288,CUS-01112,PLN-03,01-05-2024,,Active,Monthly,13,0,253,1,Yes
SUB-01289,CUS-01113,PLN-03,08-04-2024,28-02-2025,Churned,Monthly,17,0,325,1,Yes
SUB-01290,CUS-01114,PLN-08,04-04-2026,,Active,Annual,100,0,1249.17,12,Yes
SUB-01291,CUS-01115,PLN-03,14-05-2026,31-05-2026,Churned,Monthly,11,0,217,1,No
SUB-01292,CUS-01116,PLN-06,23-10-2025,,Active,Annual,39,0,723.83,12,Yes
SUB-01293,CUS-01117,PLN-06,01-12-2025,,Active,Annual,25,0,415.83,12,No
SUB-01294,CUS-01118,PLN-04,28-09-2024,01-09-2025,Upgraded,Annual,10,0,165.83,12,Yes
SUB-01295,CUS-01118,PLN-06,01-09-2025,,Active,Annual,12,0,415.83,12,Yes
SUB-01296,CUS-01119,PLN-03,01-12-2025,,Active,Monthly,14,0,271,1,Yes
SUB-01297,CUS-01120,PLN-03,14-09-2024,30-09-2024,Churned,Monthly,10,0,199,1,Yes
SUB-01298,CUS-01121,PLN-01,10-05-2026,,Active,Monthly,3,0,49,1,Yes
SUB-01299,CUS-01122,PLN-03,23-12-2025,,Active,Monthly,10,0,199,1,Yes
SUB-01300,CUS-01123,PLN-04,22-12-2024,01-12-2025,Upgraded,Annual,15,0,255.83,12,Yes
SUB-01301,CUS-01123,PLN-06,01-12-2025,,Active,Annual,18,0,415.83,12,Yes
SUB-01302,CUS-01124,PLN-06,06-03-2024,,Active,Annual,30,0,525.83,12,Yes
SUB-01303,CUS-01125,PLN-06,25-05-2026,,Active,Annual,42,0,789.83,12,Yes
SUB-01304,CUS-01126,PLN-06,13-09-2025,,Active,Annual,35,0,635.83,12,Yes
SUB-01305,CUS-01127,PLN-06,12-12-2024,,Active,Annual,30,0,525.83,12,Yes
SUB-01306,CUS-01128,PLN-01,19-07-2025,31-08-2025,Churned,Monthly,3,0,49,1,No
SUB-01307,CUS-01129,PLN-01,21-07-2024,31-05-2025,Churned,Monthly,4,0,61,1,Yes
SUB-01308,CUS-01130,PLN-02,09-09-2025,,Active,Annual,5,0,64.83,12,Yes
SUB-01309,CUS-01131,PLN-03,05-11-2024,01-12-2024,Downgraded,Monthly,10,10,179.1,1,No
SUB-01310,CUS-01131,PLN-01,01-12-2024,30-04-2026,Churned,Monthly,9,10,108.9,1,No
SUB-01311,CUS-01132,PLN-02,07-04-2026,,Active,Annual,4,0,52.83,12,Yes
SUB-01312,CUS-01133,PLN-06,01-04-2025,,Active,Annual,41,0,767.83,12,Yes
SUB-01313,CUS-01134,PLN-03,26-12-2024,,Active,Monthly,11,0,217,1,Yes
SUB-01314,CUS-01135,PLN-06,07-11-2024,,Active,Annual,40,0,745.83,12,Yes
SUB-01315,CUS-01136,PLN-03,04-09-2025,,Active,Monthly,15,0,289,1,No
SUB-01316,CUS-01137,PLN-01,19-07-2024,30-09-2025,Churned,Monthly,2,0,49,1,Yes
SUB-01317,CUS-01138,PLN-01,04-07-2024,01-03-2025,Upgraded,Monthly,3,15,41.65,1,Yes
SUB-01318,CUS-01138,PLN-03,01-03-2025,01-08-2025,Upgraded,Monthly,3,15,169.15,1,Yes
SUB-01319,CUS-01138,PLN-05,01-08-2025,,Active,Monthly,3,15,424.15,1,Yes
SUB-01320,CUS-01139,PLN-06,03-11-2025,,Active,Annual,41,10,691.05,12,Yes
SUB-01321,CUS-01140,PLN-03,22-05-2025,31-08-2025,Churned,Monthly,10,0,199,1,Yes
SUB-01322,CUS-01141,PLN-01,22-02-2026,,Active,Monthly,5,0,73,1,Yes
SUB-01323,CUS-01142,PLN-03,01-12-2024,,Active,Monthly,11,0,217,1,Yes
SUB-01324,CUS-01143,PLN-03,30-03-2026,,Active,Monthly,15,5,274.55,1,Yes
SUB-01325,CUS-01144,PLN-04,06-02-2025,,Active,Annual,18,0,309.83,12,Yes
SUB-01326,CUS-01145,PLN-05,01-09-2024,01-11-2025,Upgraded,Monthly,38,0,785,1,Yes
SUB-01327,CUS-01145,PLN-07,01-11-2025,,Active,Monthly,66,0,1499,1,Yes
SUB-01328,CUS-01146,PLN-05,13-07-2025,31-03-2026,Churned,Monthly,58,0,1225,1,Yes
SUB-01329,CUS-01147,PLN-06,11-06-2026,,Active,Annual,25,0,415.83,12,Yes
SUB-01330,CUS-01148,PLN-06,01-10-2024,,Active,Annual,45,10,770.25,12,Yes
SUB-01331,CUS-01149,PLN-06,13-12-2025,,Active,Annual,25,0,415.83,12,Yes
SUB-01332,CUS-01150,PLN-03,09-05-2026,,Active,Monthly,11,0,217,1,Yes
SUB-01333,CUS-01151,PLN-01,24-03-2026,31-05-2026,Churned,Monthly,3,0,49,1,Yes
SUB-01334,CUS-01152,PLN-01,30-05-2024,31-07-2024,Churned,Monthly,3,0,49,1,Yes
SUB-01335,CUS-01153,PLN-05,25-06-2026,,Active,Monthly,34,0,697,1,No
SUB-01336,CUS-01154,PLN-04,16-01-2026,,Active,Annual,10,20,132.66,12,No
SUB-01337,CUS-01155,PLN-06,25-09-2024,,Active,Annual,55,0,1075.83,12,Yes
SUB-01338,CUS-01156,PLN-05,14-08-2024,30-11-2024,Churned,Monthly,22,0,499,1,Yes
SUB-01339,CUS-01157,PLN-04,10-12-2024,,Active,Annual,10,0,165.83,12,Yes
SUB-01340,CUS-01158,PLN-06,14-07-2025,,Active,Annual,39,5,687.64,12,Yes
SUB-01341,CUS-01159,PLN-01,27-06-2026,,Active,Monthly,3,0,49,1,Yes
SUB-01342,CUS-01160,PLN-04,16-07-2025,,Active,Annual,10,0,165.83,12,No
SUB-01343,CUS-01161,PLN-04,19-09-2025,,Active,Annual,10,0,165.83,12,Yes
SUB-01344,CUS-01162,PLN-04,07-04-2025,,Active,Annual,29,0,507.83,12,Yes
SUB-01345,CUS-01163,PLN-01,01-07-2025,,Active,Monthly,2,0,49,1,Yes
SUB-01346,CUS-01164,PLN-02,29-04-2026,,Active,Annual,3,0,40.83,12,Yes
SUB-01347,CUS-01165,PLN-04,05-08-2025,,Active,Annual,13,0,219.83,12,Yes
SUB-01348,CUS-01166,PLN-02,03-12-2025,,Active,Annual,4,0,52.83,12,Yes
SUB-01349,CUS-01167,PLN-02,29-03-2025,,Active,Annual,8,0,100.83,12,Yes
SUB-01350,CUS-01168,PLN-04,26-01-2024,,Active,Annual,13,0,219.83,12,Yes
SUB-01351,CUS-01169,PLN-05,26-02-2024,31-08-2024,Churned,Monthly,25,0,499,1,Yes
SUB-01352,CUS-01170,PLN-06,28-06-2025,,Active,Annual,42,0,789.83,12,Yes
SUB-01353,CUS-01171,PLN-06,05-10-2024,,Active,Annual,25,0,415.83,12,Yes
SUB-01354,CUS-01172,PLN-05,02-12-2024,31-01-2025,Churned,Monthly,25,0,499,1,Yes
SUB-01355,CUS-01173,PLN-08,09-02-2026,,Active,Annual,100,0,1249.17,12,No
SUB-01356,CUS-01174,PLN-03,10-03-2026,31-05-2026,Churned,Monthly,10,20,159.2,1,Yes
SUB-01357,CUS-01175,PLN-07,04-04-2025,,Active,Monthly,236,0,4899,1,Yes
SUB-01358,CUS-01176,PLN-03,19-10-2025,,Active,Monthly,10,5,189.05,1,Yes
SUB-01359,CUS-01177,PLN-03,08-04-2025,,Active,Monthly,10,5,189.05,1,Yes
SUB-01360,CUS-01178,PLN-08,29-12-2024,,Active,Annual,77,10,1124.25,12,Yes
SUB-01361,CUS-01179,PLN-04,20-01-2026,,Active,Annual,11,0,183.83,12,Yes
SUB-01362,CUS-01180,PLN-03,06-08-2024,01-05-2025,Downgraded,Monthly,10,0,199,1,Yes
SUB-01363,CUS-01180,PLN-01,01-05-2025,30-06-2025,Churned,Monthly,7,0,97,1,Yes
SUB-01364,CUS-01181,PLN-01,15-11-2025,,Active,Monthly,2,0,49,1,Yes
SUB-01365,CUS-01182,PLN-01,01-02-2025,30-04-2026,Churned,Monthly,5,0,73,1,Yes
SUB-01366,CUS-01183,PLN-05,20-06-2026,,Active,Monthly,25,0,499,1,Yes
SUB-01367,CUS-01184,PLN-01,12-07-2024,31-01-2025,Churned,Monthly,6,0,85,1,No
SUB-01368,CUS-01185,PLN-01,31-01-2026,31-03-2026,Churned,Monthly,5,0,73,1,Yes
SUB-01369,CUS-01186,PLN-01,11-05-2025,01-04-2026,Upgraded,Monthly,3,10,44.1,1,Yes
SUB-01370,CUS-01186,PLN-03,01-04-2026,,Active,Monthly,4,10,179.1,1,Yes
SUB-01371,CUS-01187,PLN-06,07-03-2026,,Active,Annual,42,0,789.83,12,Yes
SUB-01372,CUS-01188,PLN-01,28-03-2026,,Active,Monthly,4,5,57.95,1,Yes
SUB-01373,CUS-01189,PLN-01,22-03-2024,01-11-2024,Upgraded,Monthly,7,15,82.45,1,Yes
SUB-01374,CUS-01189,PLN-03,01-11-2024,31-08-2025,Churned,Monthly,8,15,169.15,1,Yes
SUB-01375,CUS-01190,PLN-08,19-02-2024,31-01-2025,Churned,Annual,108,0,1449.17,12,No
SUB-01376,CUS-01191,PLN-02,30-09-2024,,Active,Annual,3,0,40.83,12,Yes
SUB-01377,CUS-01192,PLN-03,15-01-2026,,Active,Monthly,12,5,223.25,1,Yes
SUB-01378,CUS-01193,PLN-06,17-06-2026,,Active,Annual,36,0,657.83,12,Yes
SUB-01379,CUS-01194,PLN-03,22-05-2025,,Active,Monthly,7,0,199,1,Yes
SUB-01380,CUS-01195,PLN-01,20-06-2025,,Active,Monthly,5,10,65.7,1,Yes
SUB-01381,CUS-01196,PLN-04,08-02-2026,,Active,Annual,10,0,165.83,12,No
SUB-01382,CUS-01197,PLN-03,12-04-2026,,Active,Monthly,13,15,215.05,1,Yes
SUB-01383,CUS-01198,PLN-02,07-06-2026,,Active,Annual,3,10,36.75,12,Yes
SUB-01384,CUS-01199,PLN-06,25-05-2026,,Active,Annual,25,0,415.83,12,Yes
SUB-01385,CUS-01200,PLN-06,16-02-2026,,Active,Annual,25,0,415.83,12,Yes
